,date,total_cases,new_cases,total_deaths,new_deaths,new_tests,new_tests_reg
29,2020-02-19,2.0,2.0,2.0,2.0,10418.0,14565.162432103054
30,2020-02-20,5.0,3.0,2.0,0.0,10418.0,14565.162432192119
31,2020-02-21,18.0,13.0,4.0,2.0,10418.0,14565.162434932015
32,2020-02-22,28.0,10.0,5.0,1.0,10418.0,14565.162453444027
33,2020-02-23,43.0,15.0,8.0,3.0,10418.0,14565.16252149732
34,2020-02-24,61.0,18.0,12.0,4.0,10418.0,14565.162703358767
35,2020-02-25,95.0,34.0,16.0,4.0,10418.0,14565.163103320567
36,2020-02-26,139.0,44.0,19.0,3.0,10418.0,14565.163874910304
37,2020-02-27,245.0,106.0,26.0,7.0,10418.0,14565.165229788108
38,2020-02-28,388.0,143.0,34.0,8.0,10418.0,14565.167446335565
39,2020-02-29,593.0,205.0,43.0,9.0,10418.0,14565.170877940918
40,2020-03-01,978.0,385.0,54.0,11.0,10418.0,14565.17596098516
41,2020-03-02,1501.0,523.0,66.0,12.0,10418.0,14565.183222533482
42,2020-03-03,2336.0,835.0,77.0,11.0,10418.0,14565.193287736593
43,2020-03-04,2922.0,586.0,92.0,15.0,10418.0,14565.20688694633
44,2020-03-05,3513.0,591.0,107.0,15.0,10418.0,14565.224862550003
45,2020-03-06,4747.0,1234.0,124.0,17.0,10418.0,14565.248175527817
46,2020-03-07,5823.0,1076.0,145.0,21.0,10418.0,14565.277911737718
47,2020-03-08,6566.0,743.0,194.0,49.0,10418.0,14565.315287932
48,2020-03-09,7161.0,595.0,237.0,43.0,10418.0,14565.361657509902
49,2020-03-10,8042.0,881.0,291.0,54.0,10418.0,14565.418516010479
50,2020-03-11,9000.0,958.0,354.0,63.0,10418.0,14565.487506349904
51,2020-03-12,10075.0,1075.0,429.0,75.0,10418.0,14565.570423807423
52,2020-03-13,11364.0,1289.0,514.0,85.0,10418.0,14565.669220764064
53,2020-03-14,12729.0,1365.0,611.0,97.0,10418.0,14565.786011198214
54,2020-03-15,13938.0,1209.0,724.0,113.0,10418.0,14565.92307494214
55,2020-03-16,14991.0,1053.0,853.0,129.0,10418.0,14566.082861703499
56,2020-03-17,16169.0,1178.0,988.0,135.0,10418.0,14566.267994855809
57,2020-03-18,17361.0,1192.0,1135.0,147.0,10418.0,14566.481275001894
58,2020-03-19,18407.0,1046.0,1284.0,149.0,10418.0,14566.725683314206
59,2020-03-20,19644.0,1237.0,1433.0,149.0,10418.0,14567.004384655953
60,2020-03-21,20610.0,966.0,1556.0,123.0,10418.0,14567.320730486896
61,2020-03-22,21638.0,1028.0,1685.0,129.0,10418.0,14567.67826155764
62,2020-03-23,23049.0,1411.0,1812.0,127.0,10418.0,14568.080710396263
63,2020-03-24,24811.0,1762.0,1934.0,122.0,10418.0,14568.532003591024
64,2020-03-25,27017.0,2206.0,2077.0,143.0,10418.0,14569.036263872897
65,2020-03-26,29406.0,2389.0,2234.0,157.0,10418.0,14569.59781200166
66,2020-03-27,32332.0,2926.0,2378.0,144.0,10418.0,14570.221168459202
67,2020-03-28,35408.0,3076.0,2517.0,139.0,10418.0,14570.91105495369
68,2020-03-29,38309.0,2901.0,2640.0,123.0,10418.0,14571.67239573823
69,2020-03-30,41495.0,3186.0,2757.0,117.0,10418.0,14572.510318747572
70,2020-03-31,44605.0,3110.0,2898.0,141.0,10418.0,14573.430156556462
71,2020-04-01,47593.0,2988.0,3036.0,138.0,10418.0,14574.437447163087
72,2020-04-02,50468.0,2875.0,3160.0,124.0,10418.0,14575.537934601176
73,2020-04-03,53183.0,2715.0,3294.0,134.0,10418.0,14576.737569384162
74,2020-04-04,55743.0,2560.0,3452.0,158.0,10418.0,14578.042508784856
75,2020-04-05,58226.0,2483.0,3603.0,151.0,10418.0,14579.459116954007
76,2020-04-06,60500.0,2274.0,3739.0,136.0,10418.0,14580.993964881141
77,2020-04-07,62589.0,2089.0,3872.0,133.0,10418.0,14582.653830200981
78,2020-04-08,64586.0,1997.0,3993.0,121.0,10418.0,14584.445696848768
79,2020-04-09,66220.0,1634.0,4110.0,117.0,10418.0,14586.376754567753
80,2020-04-10,68192.0,1972.0,4232.0,122.0,11175.0,14588.454398272086
81,2020-04-11,70029.0,1837.0,4357.0,125.0,9135.0,14590.686227268337
82,2020-04-12,71686.0,1657.0,4474.0,117.0,11685.0,14593.080044338809
83,2020-04-13,73303.0,1617.0,4585.0,111.0,11845.0,14595.643854689795
84,2020-04-14,74877.0,1574.0,4683.0,98.0,11845.0,14598.385864767917
85,2020-04-15,76389.0,1512.0,4777.0,94.0,11845.0,14601.314480947609
86,2020-04-16,77995.0,1606.0,4869.0,92.0,11136.0,14604.43830809283
87,2020-04-17,79494.0,1499.0,4958.0,89.0,9539.0,14607.76614799602
88,2020-04-18,80868.0,1374.0,5031.0,73.0,10258.0,14611.306997697311
89,2020-04-19,82211.0,1343.0,5118.0,87.0,11525.0,14615.070047686953
90,2020-04-20,83505.0,1294.0,5209.0,91.0,11350.0,14619.064679993915
91,2020-04-21,84802.0,1297.0,5297.0,88.0,12711.0,14623.30046616355
92,2020-04-22,85996.0,1194.0,5391.0,94.0,10420.0,14627.787165127234
93,2020-04-23,87026.0,1030.0,5481.0,90.0,10420.0,14632.534720966809
94,2020-04-24,88194.0,1168.0,5574.0,93.0,10420.0,14637.553260576677
95,2020-04-25,89328.0,1134.0,5650.0,76.0,10148.0,14642.853091226325
96,2020-04-26,90481.0,1153.0,5710.0,60.0,11238.0,14648.444698026064
97,2020-04-27,91472.0,991.0,5806.0,96.0,11016.0,14654.338741298707
98,2020-04-28,92584.0,1112.0,5877.0,71.0,9909.0,14660.546053859916
99,2020-04-29,93657.0,1073.0,5957.0,80.0,9909.0,14667.07763820988
100,2020-04-30,94640.0,983.0,6028.0,71.0,9909.0,14673.944663638995
101,2020-05-01,95646.0,1006.0,6091.0,63.0,11728.0,14681.158463250173
102,2020-05-02,96448.0,802.0,6156.0,65.0,9518.0,14688.730530900362
103,2020-05-03,97424.0,976.0,6203.0,47.0,11732.0,14696.672518063868
104,2020-05-04,98647.0,1223.0,6277.0,74.0,12015.0,14704.996230620005
105,2020-05-05,99970.0,1323.0,6340.0,63.0,11255.0,14713.713625567616
106,2020-05-06,101650.0,1680.0,6418.0,78.0,11732.0,14722.836807668911
107,2020-05-07,103135.0,1485.0,6486.0,68.0,13517.0,14732.37802602512
108,2020-05-08,104691.0,1556.0,6541.0,55.0,14107.0,14742.349670586387
109,2020-05-09,106220.0,1529.0,6589.0,48.0,14057.0,14752.764268598285
110,2020-05-10,107603.0,1383.0,6640.0,51.0,14057.0,14763.634480987366
111,2020-05-11,109286.0,1683.0,6685.0,45.0,14057.0,14774.973098688091
112,2020-05-12,110767.0,1481.0,6733.0,48.0,14057.0,14786.79303891343
113,2020-05-13,112725.0,1958.0,6783.0,50.0,14057.0,14799.107341371495
114,2020-05-14,114533.0,1808.0,6854.0,71.0,14238.0,14811.929164430408
115,2020-05-15,116635.0,2102.0,6902.0,48.0,14832.0,14825.271781233712
116,2020-05-16,118392.0,1757.0,6937.0,35.0,14075.0,14839.148575768493
117,2020-05-17,120198.0,1806.0,6988.0,51.0,14256.0,14853.573038888446
118,2020-05-18,122492.0,2294.0,7057.0,69.0,14705.0,14868.558764294019
119,2020-05-19,124603.0,2111.0,7119.0,62.0,14536.0,14884.119444471815
120,2020-05-20,126949.0,2346.0,7183.0,64.0,15037.0,14900.268866595308
121,2020-05-21,129341.0,2392.0,7249.0,66.0,14832.0,14917.02090838904
122,2020-05-22,131652.0,2311.0,7300.0,51.0,17868.0,14934.38953395828
123,2020-05-23,133521.0,1869.0,7359.0,59.0,17373.0,14952.388789586254
124,2020-05-24,135701.0,2180.0,7417.0,58.0,19233.0,14971.032799500901
125,2020-05-25,137724.0,2023.0,7451.0,34.0,18398.0,14990.3357616132
126,2020-05-26,139511.0,1787.0,7508.0,57.0,18173.0,15010.31194322896
127,2020-05-27,141591.0,2080.0,7564.0,56.0,19456.0,15030.97567673608
128,2020-05-28,143849.0,2258.0,7627.0,63.0,19427.0,15052.341355269142
129,2020-05-29,146668.0,2819.0,7677.0,50.0,19427.0,15074.423428353239
130,2020-05-30,148950.0,2282.0,7734.0,57.0,19427.0,15097.23639752892
131,2020-05-31,151466.0,2516.0,7797.0,63.0,19896.0,15120.794811960044
132,2020-06-01,154445.0,2979.0,7878.0,81.0,19971.0,15145.1132640264
133,2020-06-02,157562.0,3117.0,7942.0,64.0,20071.0,15170.206384902862
134,2020-06-03,160696.0,3134.0,8012.0,70.0,21073.0,15196.088840126842
135,2020-06-04,164270.0,3574.0,8071.0,59.0,22353.0,15222.775325155782
136,2020-06-05,167156.0,2886.0,8134.0,63.0,20927.0,15250.28056091641
137,2020-06-06,169425.0,2269.0,8209.0,75.0,19837.0,15278.619289347434
138,2020-06-07,171789.0,2364.0,8281.0,72.0,24731.0,15307.806268937366
139,2020-06-08,173832.0,2043.0,8351.0,70.0,22431.0,15337.856270259092
140,2020-06-09,175927.0,2095.0,8425.0,74.0,22431.0,15368.78407150284
141,2020-06-10,177938.0,2011.0,8506.0,81.0,22431.0,15400.604454009108
142,2020-06-11,180156.0,2218.0,8584.0,78.0,22453.0,15433.332197803156
143,2020-06-12,182525.0,2369.0,8659.0,75.0,22453.0,15466.982077132607
144,2020-06-13,184955.0,2430.0,8730.0,71.0,22453.0,15501.568856009653
145,2020-06-14,187427.0,2472.0,8837.0,107.0,24674.0,15537.107283759427
146,2020-06-15,189876.0,2449.0,8950.0,113.0,25120.0,15573.612090575962
147,2020-06-16,192439.0,2563.0,9065.0,115.0,24415.0,15611.097983087242
148,2020-06-17,195051.0,2612.0,9185.0,120.0,26311.0,15649.579639930756
149,2020-06-18,197647.0,2596.0,9272.0,87.0,24679.0,15689.07170734097
150,2020-06-19,200262.0,2615.0,9392.0,120.0,26119.0,15729.588794750125
151,2020-06-20,202584.0,2322.0,9507.0,115.0,24957.0,15771.145470403697
152,2020-06-21,204952.0,2368.0,9623.0,116.0,26732.0,15813.7562569919
153,2020-06-22,207525.0,2573.0,9742.0,119.0,27013.0,15857.435627298539
154,2020-06-23,209970.0,2445.0,9863.0,121.0,25911.0,15902.197999868506
155,2020-06-24,212501.0,2531.0,9996.0,133.0,27194.0,15948.057734695216
156,2020-06-25,215096.0,2595.0,10130.0,134.0,27912.0,15995.029128929235
157,2020-06-26,217724.0,2628.0,10239.0,109.0,27435.0,16043.126412609327
158,2020-06-27,220180.0,2456.0,10364.0,125.0,25670.0,16092.363744417155
159,2020-06-28,222669.0,2489.0,10508.0,144.0,27327.0,16142.755207456807
160,2020-06-29,225205.0,2536.0,10670.0,162.0,28209.0,16194.314805060336
161,2020-06-30,227662.0,2457.0,10817.0,147.0,24562.0,16247.056456620454
162,2020-07-01,230211.0,2549.0,10958.0,141.0,24562.0,16300.993993451517
163,2020-07-02,232863.0,2652.0,11106.0,148.0,24562.0,16356.141154679906
164,2020-07-03,235429.0,2566.0,11260.0,154.0,24562.0,16412.511583164895
165,2020-07-04,237878.0,2449.0,11408.0,148.0,24562.0,16470.11882145106
166,2020-07-05,240438.0,2560.0,11571.0,163.0,25207.0,16528.976307753295
167,2020-07-06,243051.0,2613.0,11731.0,160.0,25276.0,16589.09737197547
168,2020-07-07,245688.0,2637.0,11931.0,200.0,26790.0,16650.495231763667
169,2020-07-08,248379.0,2691.0,12084.0,153.0,25598.0,16713.18298859509
170,2020-07-09,250458.0,2079.0,12305.0,221.0,25412.0,16777.17362390351
171,2020-07-10,252720.0,2262.0,12447.0,142.0,24698.0,16842.479995242247
172,2020-07-11,255117.0,2397.0,12635.0,188.0,24613.0,16909.114832485637
173,2020-07-12,257303.0,2186.0,12829.0,194.0,25093.0,16977.090734069778
174,2020-07-13,259652.0,2349.0,13032.0,203.0,25760.0,17046.420163273582
175,2020-07-14,262173.0,2521.0,13211.0,179.0,25112.0,17117.11544454091
176,2020-07-15,264561.0,2388.0,13410.0,199.0,24970.0,17189.188759844634
177,2020-07-16,267061.0,2500.0,13608.0,198.0,25742.0,17262.652145093532
178,2020-07-17,269440.0,2379.0,13791.0,183.0,25194.0,17337.517486582714
179,2020-07-18,271606.0,2166.0,13979.0,188.0,24533.0,17413.79651748843
180,2020-07-19,273788.0,2182.0,14188.0,209.0,25481.0,17491.500814408064
181,2020-07-20,276202.0,2414.0,14405.0,217.0,26218.0,17570.641793945964
182,2020-07-21,278827.0,2625.0,14634.0,229.0,26741.0,17651.230709345953
183,2020-07-22,281413.0,2586.0,14853.0,219.0,26319.0,17733.278647171097
184,2020-07-23,284034.0,2621.0,15074.0,221.0,25846.0,17816.796524031608
185,2020-07-24,286523.0,2489.0,15289.0,215.0,24261.0,17901.79508336137
186,2020-07-25,288839.0,2316.0,15484.0,195.0,25740.0,17988.28489224386
187,2020-07-26,291172.0,2333.0,15700.0,216.0,25740.0,18076.27633828808
188,2020-07-27,293606.0,2434.0,15912.0,212.0,25740.0,18165.779626555122
189,2020-07-28,296273.0,2667.0,16147.0,235.0,25740.0,18256.804776535893
190,2020-07-29,298909.0,2636.0,16343.0,196.0,25740.0,18349.36161918077
191,2020-07-30,301530.0,2621.0,16569.0,226.0,25644.0,18443.4597939815
192,2020-07-31,304204.0,2674.0,16766.0,197.0,25644.0,18539.108746106143
193,2020-08-01,306752.0,2548.0,16982.0,216.0,25644.0,18636.317723587417
194,2020-08-02,309437.0,2685.0,17190.0,208.0,25865.0,18735.095774565023
195,2020-08-03,312035.0,2598.0,17405.0,215.0,26240.0,18835.451744582446
196,2020-08-04,314786.0,2751.0,17617.0,212.0,25716.0,18937.394273938735
197,2020-08-05,317483.0,2697.0,17802.0,185.0,26709.0,19040.93179509564
198,2020-08-06,320117.0,2634.0,17976.0,174.0,24390.0,19146.072530140682
199,2020-08-07,322567.0,2450.0,18132.0,156.0,24390.0,19252.82448830644
200,2020-08-08,324692.0,2125.0,18264.0,132.0,24390.0,19361.195463546603
201,2020-08-09,326712.0,2020.0,18427.0,163.0,24533.0,19471.193032169074
202,2020-08-10,328844.0,2132.0,18616.0,189.0,25319.0,19582.824550526595
203,2020-08-11,331189.0,2345.0,18800.0,184.0,24697.0,19696.09715276514
204,2020-08-12,333699.0,2510.0,18988.0,188.0,26711.0,19811.017748630584
205,2020-08-13,336324.0,2625.0,19162.0,174.0,23764.0,19927.59302133381
206,2020-08-14,338825.0,2501.0,19331.0,169.0,23764.0,20045.8294254747
207,2020-08-15,341070.0,2245.0,19492.0,161.0,23764.0,20165.7331850252
208,2020-08-16,343203.0,2133.0,19639.0,147.0,25573.0,20287.310291371865
209,2020-08-17,345450.0,2247.0,19804.0,165.0,26113.0,20410.566501418005
210,2020-08-18,347835.0,2385.0,19972.0,168.0,26111.0,20535.507335745795
211,2020-08-19,350279.0,2444.0,20125.0,153.0,25791.0,20662.138076838557
212,2020-08-20,352558.0,2279.0,20264.0,139.0,23901.0,20790.463767363428
213,2020-08-21,354764.0,2206.0,20376.0,112.0,25401.0,20920.489208514533
214,2020-08-22,356792.0,2028.0,20502.0,126.0,25401.0,21052.218958417074
215,2020-08-23,358905.0,2113.0,20643.0,141.0,25401.0,21185.657330592236
216,2020-08-24,361150.0,2245.0,20776.0,133.0,25711.0,21320.808392483297
217,2020-08-25,363363.0,2213.0,20901.0,125.0,25891.0,21457.675964042934
218,2020-08-26,365606.0,2243.0,21020.0,119.0,25493.0,21596.263616381915
219,2020-08-27,367796.0,2190.0,21137.0,117.0,24976.0,21736.57467047937
220,2020-08-28,369911.0,2115.0,21249.0,112.0,23112.0,21878.61219595455
221,2020-08-29,371816.0,1905.0,21359.0,110.0,23841.0,22022.37900990033
222,2020-08-30,373570.0,1754.0,21462.0,103.0,23841.0,22167.87767577849
223,2020-08-31,375212.0,1642.0,21571.0,109.0,23841.0,22315.11050237675
224,2020-09-01,376894.0,1682.0,21672.0,101.0,25012.0,22464.079542827763
225,2020-09-02,378752.0,1858.0,21797.0,125.0,25839.0,22614.786593689867
226,2020-09-03,380746.0,1994.0,21926.0,129.0,25422.0,22767.233194089895
227,2020-09-04,382772.0,2026.0,22044.0,118.0,25591.0,22921.42062492776
228,2020-09-05,384666.0,1894.0,22154.0,110.0,25591.0,23077.349908143042
229,2020-09-06,386658.0,1992.0,22293.0,139.0,25591.0,23235.021806043354
230,2020-09-07,388810.0,2152.0,22410.0,117.0,25591.0,23394.436820694664
231,2020-09-08,391112.0,2302.0,22542.0,132.0,25591.0,23555.5951933733
232,2020-09-09,393425.0,2313.0,22669.0,127.0,26097.0,23718.496904079708
233,2020-09-10,395488.0,2063.0,22798.0,129.0,24936.0,23883.14167111389
234,2020-09-11,397801.0,2313.0,22913.0,115.0,24936.0,24049.528950712385
235,2020-09-12,399940.0,2139.0,23029.0,116.0,24936.0,24217.6579367466
236,2020-09-13,402029.0,2089.0,23157.0,128.0,26691.0,24387.527560482682
237,2020-09-14,404648.0,2619.0,23313.0,156.0,27283.0,24559.13649040246
238,2020-09-15,407353.0,2705.0,23453.0,140.0,27319.0,24732.483132085403
239,2020-09-16,410334.0,2981.0,23632.0,179.0,27319.0,24907.565628151686
240,2020-09-17,413149.0,2815.0,23808.0,176.0,27319.0,25084.381858265817
241,2020-09-18,416198.0,3049.0,23952.0,144.0,27319.0,25262.92943920099
242,2020-09-19,419043.0,2845.0,24118.0,166.0,27319.0,25443.205724963685
243,2020-09-20,422140.0,3097.0,24301.0,183.0,27319.0,25625.207806978582
244,2020-09-21,425481.0,3341.0,24478.0,177.0,27319.0,25808.932514333355
245,2020-09-22,429193.0,3712.0,24656.0,178.0,27319.0,25994.37641408329
246,2020-09-23,432798.0,3605.0,24840.0,184.0,27711.0,26181.5358116154
247,2020-09-24,436319.0,3521.0,25015.0,175.0,26937.0,26370.40675107168
248,2020-09-25,439882.0,3563.0,25222.0,207.0,26937.0,26560.985015831622
249,2020-09-26,443086.0,3204.0,25394.0,172.0,26937.0,26753.26612905324
250,2020-09-27,446448.0,3362.0,25589.0,195.0,26937.0,26947.245354272676
251,2020-09-28,449960.0,3512.0,25779.0,190.0,26937.0,27142.91769606193
252,2020-09-29,453637.0,3677.0,25986.0,207.0,26937.0,27340.277900744484
253,2020-09-30,457219.0,3582.0,26169.0,183.0,28101.0,27539.320457168473
254,2020-10-01,461044.0,3825.0,26380.0,211.0,92186.0,27740.039597537045
255,2020-10-02,464596.0,3552.0,26567.0,187.0,92186.0,27942.42929829569
256,2020-10-03,468119.0,3523.0,26746.0,179.0,92186.0,28146.48328107607
257,2020-10-04,471772.0,3653.0,26957.0,211.0,92186.0,28352.195013696044
258,2020-10-05,475674.0,3902.0,27192.0,235.0,92186.0,28559.55771121558
259,2020-10-06,479825.0,4151.0,27419.0,227.0,92186.0,28768.56433704801
260,2020-10-07,483844.0,4019.0,27658.0,239.0,92186.0,28979.20760412657
261,2020-10-08,488236.0,4392.0,27888.0,230.0,28317.0,29191.479976125316
262,2020-10-09,492378.0,4142.0,28098.0,210.0,28317.0,29405.373668734675
263,2020-10-10,496253.0,3875.0,28293.0,195.0,28317.0,29620.880650990453
264,2020-10-11,500075.0,3822.0,28544.0,251.0,28317.0,29837.99264665669
265,2020-10-12,504281.0,4206.0,28816.0,272.0,28317.0,30056.701135661235
266,2020-10-13,508389.0,4108.0,29070.0,254.0,28791.0,30276.997355584004
267,2020-10-14,513219.0,4830.0,29349.0,279.0,29101.0,30498.87230319729
268,2020-10-15,517835.0,4616.0,29605.0,256.0,28056.0,30722.316736057837
269,2020-10-16,522387.0,4552.0,29870.0,265.0,29301.0,30947.321174149947
270,2020-10-17,526490.0,4103.0,30123.0,253.0,29301.0,31173.875901579413
271,2020-10-18,530380.0,3890.0,30375.0,252.0,29301.0,31401.97096831772
272,2020-10-19,534631.0,4251.0,30712.0,337.0,29301.0,31631.596191995763
273,2020-10-20,539670.0,5039.0,31034.0,322.0,29788.0,31862.741159746984
274,2020-10-21,545286.0,5616.0,31346.0,312.0,29311.0,32095.395230099122
275,2020-10-22,550757.0,5471.0,31650.0,304.0,29312.0,32329.547534914345
276,2020-10-23,556891.0,6134.0,31985.0,335.0,29861.0,32565.18698137666
277,2020-10-24,562705.0,5814.0,32320.0,335.0,67172.0,32802.302254026865
278,2020-10-25,568896.0,6191.0,32616.0,296.0,67172.0,33040.88181684393
279,2020-10-26,574856.0,5960.0,32953.0,337.0,67172.0,33280.91391537228
280,2020-10-27,581824.0,6968.0,33299.0,346.0,67172.0,33522.3865788948
281,2020-10-28,588648.0,6824.0,33714.0,415.0,34912.0,33765.287622650605
282,2020-10-29,596941.0,8293.0,34113.0,399.0,71613.0,34009.60465009714
283,2020-10-30,604952.0,8011.0,34478.0,365.0,71613.0,34255.32505521611
284,2020-10-31,612772.0,7820.0,34864.0,386.0,71613.0,34502.43602486259
285,2020-11-01,620491.0,7719.0,35298.0,434.0,36321.0,34750.92454115664
286,2020-11-02,628780.0,8289.0,35738.0,440.0,71612.0,35000.77738391679
287,2020-11-03,637712.0,8932.0,36160.0,422.0,71612.0,35251.98113313533
288,2020-11-04,646164.0,8452.0,36579.0,419.0,71612.0,35504.52217149384
289,2020-11-05,654936.0,8772.0,36985.0,406.0,37718.0,35758.38668691891
290,2020-11-06,663800.0,8864.0,37409.0,424.0,38891.0,36013.560675177854
291,2020-11-07,673250.0,9450.0,37832.0,423.0,38891.0,36270.02994251264
292,2020-11-08,682486.0,9236.0,38291.0,459.0,38891.0,36527.78010831255
293,2020-11-09,692949.0,10463.0,38749.0,458.0,38921.0,36786.79660782401
294,2020-11-10,703288.0,10339.0,39202.0,453.0,39027.0,37047.06469489762
295,2020-11-11,715068.0,11780.0,39664.0,462.0,40897.0,37308.56944477151
296,2020-11-12,726585.0,11517.0,40121.0,457.0,40897.0,37571.29575688984
297,2020-11-13,738322.0,11737.0,40582.0,461.0,40897.0,37835.22835775686
298,2020-11-14,749525.0,11203.0,41034.0,452.0,40897.0,38100.3518038246
299,2020-11-15,762068.0,12543.0,41493.0,459.0,40897.0,38366.650484414684
300,2020-11-16,775121.0,13053.0,41979.0,486.0,40356.0,38634.10862467265
301,2020-11-17,788473.0,13352.0,42461.0,482.0,40697.0,38902.710288554474
302,2020-11-18,801894.0,13421.0,42941.0,480.0,40490.0,39172.43938184508
303,2020-11-19,815117.0,13223.0,43417.0,476.0,40907.0,39443.27965520666
304,2020-11-20,828377.0,13260.0,43896.0,479.0,42791.0,39715.21470725829
305,2020-11-21,841308.0,12931.0,44327.0,431.0,42791.0,39988.22798768374
306,2020-11-22,854361.0,13053.0,44802.0,475.0,42791.0,40262.302800369114
307,2020-11-23,866821.0,12460.0,45255.0,453.0,42791.0,40537.42230656724
308,2020-11-24,880542.0,13721.0,45738.0,483.0,42791.0,40813.56952809017
309,2020-11-25,894385.0,13843.0,46207.0,469.0,42131.0,41090.7273505278
310,2020-11-26,908346.0,13961.0,46689.0,482.0,42495.0,41368.878526492
311,2020-11-27,922397.0,14051.0,47095.0,406.0,43289.0,41648.00567888659
312,2020-11-28,935799.0,13402.0,47486.0,391.0,43289.0,41928.09130420044
313,2020-11-29,948749.0,12950.0,47874.0,388.0,43289.0,42209.117775824896
314,2020-11-30,962070.0,13321.0,48246.0,372.0,43289.0,42491.06734739385
315,2020-12-01,975951.0,13881.0,48628.0,382.0,43289.0,42773.92215614529
316,2020-12-02,989572.0,13621.0,48990.0,362.0,44190.0,43057.66422630528
317,2020-12-03,1003494.0,13922.0,49348.0,358.0,44190.0,43342.275472491034
318,2020-12-04,1016835.0,13341.0,49695.0,347.0,44190.0,43627.73770313461
319,2020-12-05,1028986.0,12151.0,50016.0,321.0,44190.0,43914.03262392541
320,2020-12-06,1040547.0,11561.0,50310.0,294.0,44391.0,44201.14184127089
321,2020-12-07,1051374.0,10827.0,50594.0,284.0,45209.0,44489.04686577433
322,2020-12-08,1062397.0,11023.0,50917.0,323.0,45333.0,44777.72911572982
323,2020-12-09,1072620.0,10223.0,51212.0,295.0,45333.0,45067.16992063324
324,2020-12-10,1083023.0,10403.0,51496.0,284.0,45333.0,45357.3505247069
325,2020-12-11,1092407.0,9384.0,51727.0,231.0,51109.0,45648.25209044044
326,2020-12-12,1100818.0,8411.0,51949.0,222.0,51109.0,45939.85570214434
327,2020-12-13,1108269.0,7451.0,52196.0,247.0,51109.0,46232.142369515655
328,2020-12-14,1115770.0,7501.0,52447.0,251.0,51109.0,46525.09303121672
329,2020-12-15,1123474.0,7704.0,52670.0,223.0,51109.0,46818.6885584643
330,2020-12-16,1131077.0,7603.0,52883.0,213.0,51109.0,47112.909758629496
331,2020-12-17,1138530.0,7453.0,53095.0,212.0,51109.0,47407.737378846694
332,2020-12-18,1145651.0,7121.0,53273.0,178.0,51109.0,47703.15210963246
333,2020-12-19,1152072.0,6421.0,53448.0,175.0,51109.0,47999.13458851054
334,2020-12-20,1158384.0,6312.0,53625.0,177.0,51109.0,48295.66540364591
335,2020-12-21,1164535.0,6151.0,53816.0,191.0,51109.0,48592.725097483766
336,2020-12-22,1170743.0,6208.0,54003.0,187.0,53412.0,48890.294170395224
337,2020-12-23,1177004.0,6261.0,54156.0,153.0,53412.0,49188.353084327115
338,2020-12-24,1183182.0,6178.0,54308.0,152.0,53412.0,49486.88226645561
339,2020-12-25,1189203.0,6021.0,54440.0,132.0,53412.0,49785.862112843475
340,2020-12-26,1194963.0,5760.0,54574.0,134.0,53412.0,50085.27299209956
341,2020-12-27,1200465.0,5502.0,54693.0,119.0,53412.0,50385.095249039165
342,2020-12-28,1206373.0,5908.0,54814.0,121.0,53412.0,50685.30920834675
343,2020-12-29,1212481.0,6108.0,54946.0,132.0,53412.0,50985.89517823669
344,2020-12-30,1218753.0,6272.0,55095.0,149.0,53412.0,51286.83345411402
345,2020-12-31,1225142.0,6389.0,55223.0,128.0,53721.0,51588.10432223369
346,2021-01-01,1231429.0,6287.0,55337.0,114.0,49601.0,51889.688063357244
347,2021-01-02,1237474.0,6045.0,55438.0,101.0,54217.0,52191.56495640571
348,2021-01-03,1243434.0,5960.0,55540.0,102.0,54217.0,52493.71528210874
349,2021-01-04,1249507.0,6073.0,55650.0,110.0,54217.0,52796.1193266489
350,2021-01-05,1255620.0,6113.0,55748.0,98.0,54217.0,53098.75738530005
351,2021-01-06,1261903.0,6283.0,55830.0,82.0,54217.0,53401.60976605916
352,2021-01-07,1268263.0,6360.0,55933.0,103.0,53869.0,53704.656793271
353,2021-01-08,1274514.0,6251.0,56018.0,85.0,54191.0,54007.87881124437
354,2021-01-09,1280438.0,5924.0,56100.0,82.0,54191.0,54311.25618785982
355,2021-01-10,1286406.0,5968.0,56171.0,71.0,54191.0,54614.76931816699
356,2021-01-11,1292614.0,6208.0,56262.0,91.0,54191.0,54918.39862797169
357,2021-01-12,1299022.0,6408.0,56360.0,98.0,54191.0,55222.12457741254
358,2021-01-13,1305339.0,6317.0,56457.0,97.0,52819.0,55525.92766452265
359,2021-01-14,1311810.0,6471.0,56538.0,81.0,52819.0,55829.78842878259
360,2021-01-15,1318295.0,6485.0,56621.0,83.0,52819.0,56133.687454655694
361,2021-01-16,1324395.0,6100.0,56717.0,96.0,52819.0,56437.60537511051
362,2021-01-17,1330411.0,6016.0,56803.0,86.0,52819.0,56741.52287512833
363,2021-01-18,1336217.0,5806.0,56886.0,83.0,52819.0,57045.42069519362
364,2021-01-19,1342134.0,5917.0,56973.0,87.0,54427.0,57349.279634767634
365,2021-01-20,1348316.0,6182.0,57057.0,84.0,54179.0,57653.08055574533
366,2021-01-21,1354520.0,6204.0,57150.0,93.0,55219.0,57956.80438589225
367,2021-01-22,1360852.0,6332.0,57225.0,75.0,52913.0,58260.43212226308
368,2021-01-23,1367032.0,6180.0,57294.0,69.0,53417.0,58563.944834600334
369,2021-01-24,1372977.0,5945.0,57383.0,89.0,54812.0,58867.32366871105
370,2021-01-25,1379286.0,6309.0,57481.0,98.0,55093.0,59170.54984982322
371,2021-01-26,1385706.0,6420.0,57560.0,79.0,55190.0,59473.60468591894
372,2021-01-27,1392314.0,6608.0,57651.0,91.0,54971.0,59776.469571044654
373,2021-01-28,1398841.0,6527.0,57736.0,85.0,54971.0,60079.12598859715
374,2021-01-29,1405414.0,6573.0,57807.0,71.0,54971.0,60381.55551458603
375,2021-01-30,1411731.0,6317.0,57889.0,82.0,54971.0,60683.73982086846
376,2021-01-31,1417999.0,6268.0,57959.0,70.0,54971.0,60985.6606783606
377,2021-02-01,1424596.0,6597.0,58038.0,79.0,54971.0,61287.29996021894
378,2021-02-02,1431416.0,6820.0,58110.0,72.0,54708.0,61588.639644997296
379,2021-02-03,1438286.0,6870.0,58189.0,79.0,54691.0,61889.661819771965
380,2021-02-04,1445326.0,7040.0,58256.0,67.0,55272.0,62190.348683239994
381,2021-02-05,1452380.0,7054.0,58336.0,80.0,56209.0,62490.68254878667
382,2021-02-06,1459370.0,6990.0,58412.0,76.0,56209.0,62790.64584752252
383,2021-02-07,1466435.0,7065.0,58469.0,57.0,56209.0,63090.22113128884
384,2021-02-08,1473756.0,7321.0,58536.0,67.0,56209.0,63389.39107562996
385,2021-02-09,1481396.0,7640.0,58625.0,89.0,56209.0,63688.13848273536
386,2021-02-10,1488981.0,7585.0,58686.0,61.0,56209.0,63986.4462843458
387,2021-02-11,1496455.0,7474.0,58751.0,65.0,56209.0,64284.297544624875
388,2021-02-12,1503753.0,7298.0,58809.0,58.0,56209.0,64581.67546299902
389,2021-02-13,1510873.0,7120.0,58883.0,74.0,56209.0,64878.56337695678
390,2021-02-14,1518263.0,7390.0,58945.0,62.0,56209.0,65174.944764815606
391,2021-02-15,1526023.0,7760.0,59028.0,83.0,56209.0,65470.8032484509
392,2021-02-16,1534034.0,8011.0,59117.0,89.0,68420.0,65766.12259598407
393,2021-02-17,1542076.0,8042.0,59184.0,67.0,68420.0,66060.88672443827
394,2021-02-18,1550142.0,8066.0,59264.0,80.0,68420.0,66355.07970234762
395,2021-02-19,1558159.0,8017.0,59341.0,77.0,68420.0,66648.68575233353
396,2021-02-20,1566081.0,7922.0,59409.0,68.0,68420.0,66941.68925363488
397,2021-02-21,1574012.0,7931.0,59483.0,74.0,68420.0,67234.07474460096
398,2021-02-22,1582275.0,8263.0,59572.0,89.0,68420.0,67525.8269251412
399,2021-02-23,1590605.0,8330.0,59663.0,91.0,68420.0,67816.93065913142
400,2021-02-24,1598875.0,8270.0,59736.0,73.0,68420.0,68107.37097677907
401,2021-02-25,1607081.0,8206.0,59830.0,94.0,68420.0,68397.13307694292
402,2021-02-26,1615184.0,8103.0,59899.0,69.0,68420.0,68686.20232940999
403,2021-02-27,1623159.0,7975.0,59980.0,81.0,68420.0,68974.56427712551
404,2021-02-28,1631169.0,8010.0,60073.0,93.0,68420.0,69262.20463837955
405,2021-03-01,1639679.0,8510.0,60181.0,108.0,68420.0,69549.10930894564
406,2021-03-02,1648174.0,8495.0,60267.0,86.0,68420.0,69835.26436417345
407,2021-03-03,1656699.0,8525.0,60353.0,86.0,68420.0,70120.65606103423
408,2021-03-04,1665103.0,8404.0,60431.0,78.0,68420.0,70405.2708401174
409,2021-03-05,1673470.0,8367.0,60512.0,81.0,68420.0,70689.09532757835
410,2021-03-06,1681682.0,8212.0,60594.0,82.0,68420.0,70972.11633704083
411,2021-03-07,1689692.0,8010.0,60687.0,93.0,68420.0,71254.32087144237
412,2021-03-08,1698005.0,8313.0,60786.0,99.0,68420.0,71535.69612483725
413,2021-03-09,1706559.0,8554.0,60867.0,81.0,68420.0,71816.22948414185
414,2021-03-10,1715162.0,8603.0,60928.0,61.0,68420.0,72095.90853083592
415,2021-03-11,1723470.0,8308.0,61016.0,88.0,68420.0,72374.7210426033
416,2021-03-12,1731558.0,8088.0,61069.0,53.0,68420.0,72652.65499492698
417,2021-03-13,1739360.0,7802.0,61142.0,73.0,68420.0,72929.69856263067
418,2021-03-14,1746953.0,7593.0,61230.0,88.0,68420.0,73205.84012136083
419,2021-03-15,1754933.0,7980.0,61330.0,100.0,68420.0,73481.06824902286
420,2021-03-16,1763313.0,8380.0,61427.0,97.0,68420.0,73755.37172715673
421,2021-03-17,1771115.0,7802.0,61492.0,65.0,68420.0,74028.73954226162
422,2021-03-18,1778645.0,7530.0,61581.0,89.0,68420.0,74301.1608870623
423,2021-03-19,1786265.0,7620.0,61649.0,68.0,68420.0,74572.62516171967
424,2021-03-20,1793805.0,7540.0,61724.0,75.0,68420.0,74843.12197498929
425,2021-03-21,1801065.0,7260.0,61797.0,73.0,68420.0,75112.64114531617
426,2021-03-22,1808422.0,7357.0,61877.0,80.0,68420.0,75381.17270187764
427,2021-03-23,1815712.0,7290.0,61951.0,74.0,68420.0,75648.70688556576
428,2021-03-24,1823317.0,7605.0,62045.0,94.0,68420.0,75915.23414991434
429,2021-03-25,1830823.0,7506.0,62142.0,97.0,68420.0,76180.74516196385
430,2021-03-26,1838803.0,7980.0,62223.0,81.0,68420.0,76445.23080306941
431,2021-03-27,1846923.0,8120.0,62308.0,85.0,68420.0,76708.68216965043
432,2021-03-28,1855674.0,8751.0,62397.0,89.0,68420.0,76971.09057387778
433,2021-03-29,1864984.0,9310.0,62478.0,81.0,64548.0,77232.44754430278
434,2021-03-30,1875234.0,10250.0,62569.0,91.0,68429.0,77492.74482642509
435,2021-03-31,1885564.0,10330.0,62665.0,96.0,70450.0,77751.97438320085
436,2021-04-01,1897314.0,11750.0,62759.0,94.0,71470.0,78010.12839548859
437,2021-04-02,1908974.0,11660.0,62876.0,117.0,70461.0,78267.19926243158
438,2021-04-03,1920394.0,11420.0,62999.0,123.0,74931.0,78523.17960178327
439,2021-04-04,1932074.0,11680.0,63160.0,161.0,72409.0,78778.06225016677
440,2021-04-05,1945964.0,13890.0,63332.0,172.0,72591.0,79031.84026327146
441,2021-04-06,1963394.0,17430.0,63506.0,174.0,121490.0,79284.50691599141
442,2021-04-07,1984348.0,20954.0,63699.0,193.0,121490.0,79536.05570249502
443,2021-04-08,2006934.0,22586.0,63884.0,185.0,121490.0,79786.48033623384
444,2021-04-09,2029412.0,22478.0,64039.0,155.0,121490.0,80035.774749891
445,2021-04-10,2049078.0,19666.0,64232.0,193.0,121490.0,80283.93309525795
446,2021-04-11,2070141.0,21063.0,64490.0,258.0,121490.0,80530.94974305607
447,2021-04-12,2093452.0,23311.0,64764.0,274.0,121490.0,80776.81928268865
448,2021-04-13,2118212.0,24760.0,65055.0,291.0,121490.0,81021.53652192872
449,2021-04-14,2143794.0,25582.0,65359.0,304.0,121490.0,81265.0964865441
450,2021-04-15,2168872.0,25078.0,65680.0,321.0,121490.0,81507.49441985528
451,2021-04-16,2194133.0,25261.0,66008.0,328.0,121490.0,81748.72578222978
452,2021-04-17,2215445.0,21312.0,66327.0,319.0,121490.0,81988.78625051408
453,2021-04-18,2237089.0,21644.0,66732.0,405.0,121490.0,82227.67171738994
454,2021-04-19,2261435.0,24346.0,67130.0,398.0,121490.0,82465.37829068069
455,2021-04-20,2286927.0,25492.0,67525.0,395.0,121490.0,82701.90229257695
456,2021-04-21,2311813.0,24886.0,67913.0,388.0,121490.0,82937.24025880556
457,2021-04-22,2335905.0,24092.0,68366.0,453.0,121490.0,83171.38893773068
458,2021-04-23,2358809.0,22904.0,68746.0,380.0,121490.0,83404.3452893868
459,2021-04-24,2377039.0,18230.0,69120.0,374.0,121490.0,83636.1064844491
460,2021-04-25,2396204.0,19165.0,69574.0,454.0,121490.0,83866.669903132
461,2021-04-26,2417230.0,21026.0,70070.0,496.0,121490.0,84096.03313403028
462,2021-04-27,2438193.0,20963.0,70532.0,462.0,121490.0,84324.19397288594
463,2021-04-28,2459906.0,21713.0,70966.0,434.0,123901.0,84551.15042129146
464,2021-04-29,2479805.0,19899.0,71351.0,385.0,123901.0,84776.90068533026
465,2021-04-30,2499077.0,19272.0,71758.0,407.0,123901.0,85001.44317414296
466,2021-05-01,2516157.0,17080.0,72090.0,332.0,123901.0,85224.7764984382
467,2021-05-02,2534855.0,18698.0,72484.0,394.0,123901.0,85446.89946892542
468,2021-05-03,2555587.0,20732.0,72875.0,391.0,123901.0,85667.81109469278
469,2021-05-04,2575737.0,20150.0,73219.0,344.0,123901.0,85887.51058150698
470,2021-05-05,2591609.0,15872.0,73568.0,349.0,123901.0,86105.9973300615
471,2021-05-06,2610018.0,18409.0,73906.0,338.0,123901.0,86323.27093414367
472,2021-05-07,2627094.0,17076.0,74241.0,335.0,123901.0,86539.33117874838
473,2021-05-08,2640670.0,13576.0,74524.0,283.0,123901.0,86754.17803811688
474,2021-05-09,2654811.0,14141.0,74910.0,386.0,123901.0,86967.81167371651
475,2021-05-10,2673219.0,18408.0,75261.0,351.0,123901.0,87180.23243215062
476,2021-05-11,2691352.0,18133.0,75568.0,307.0,123901.0,87391.44084300623
477,2021-05-12,2707761.0,16409.0,75934.0,366.0,123901.0,87601.43761663196
478,2021-05-13,2722007.0,14246.0,76231.0,297.0,123901.0,87810.22364185877
479,2021-05-14,2732152.0,10145.0,76433.0,202.0,123901.0,88017.79998364775
480,2021-05-15,2739875.0,7723.0,76633.0,200.0,123901.0,88224.16788067679
481,2021-05-16,2751166.0,11291.0,76936.0,303.0,123901.0,88429.32874286534
482,2021-05-17,2765485.0,14319.0,77222.0,286.0,123901.0,88633.28414883126
483,2021-05-18,2779415.0,13930.0,77532.0,310.0,123901.0,88836.03584328397
484,2021-05-19,2792204.0,12789.0,77765.0,233.0,123901.0,89037.58573435746
485,2021-05-20,2804632.0,12428.0,77994.0,229.0,123901.0,89237.93589087749
486,2021-05-21,2815882.0,11250.0,78194.0,200.0,123901.0,89437.08853956508
487,2021-05-22,2823887.0,8005.0,78381.0,187.0,123901.0,89635.04606218018
488,2021-05-23,2832518.0,8631.0,78597.0,216.0,123901.0,89831.81099260096
489,2021-05-24,2843523.0,11005.0,78848.0,251.0,123901.0,90027.38601384113
490,2021-05-25,2855396.0,11873.0,79056.0,208.0,123901.0,90221.77395500765
491,2021-05-26,2865864.0,10468.0,79219.0,163.0,123901.0,90414.97778819581
492,2021-05-27,2875858.0,9994.0,79384.0,165.0,123901.0,90607.00062532058
493,2021-05-28,2886111.0,10253.0,79568.0,184.0,123901.0,90797.84571489492
494,2021-05-29,2893218.0,7107.0,79741.0,173.0,123901.0,90987.516438746
495,2021-05-30,2902094.0,8876.0,79939.0,198.0,123901.0,91176.01630866095
496,2021-05-31,2913136.0,11042.0,80156.0,217.0,123901.0,91363.34896299183
497,2021-06-01,2923823.0,10687.0,80327.0,171.0,123901.0,91549.51816319056
498,2021-06-02,2935443.0,11620.0,80488.0,161.0,123901.0,91734.52779028901
499,2021-06-03,2945100.0,9657.0,80658.0,170.0,123901.0,91918.38184131785
500,2021-06-04,2954309.0,9209.0,80813.0,155.0,123901.0,92101.08442567811
501,2021-06-05,2960751.0,6442.0,80941.0,128.0,123901.0,92282.63976144149
502,2021-06-06,2966363.0,5612.0,81063.0,122.0,123901.0,92463.05217161738
503,2021-06-07,2971270.0,4907.0,81183.0,120.0,123901.0,92642.32608033727
504,2021-06-08,2980116.0,8846.0,81362.0,179.0,123901.0,92820.46600900414
505,2021-06-09,2990714.0,10598.0,81519.0,157.0,123901.0,92997.4765723847
506,2021-06-10,3003112.0,12398.0,81672.0,153.0,123901.0,93173.36247464373
507,2021-06-11,3013078.0,9966.0,81796.0,124.0,123901.0,93348.12850533017
508,2021-06-12,3020522.0,7444.0,81911.0,115.0,123901.0,93521.77953530719
509,2021-06-13,3028717.0,8195.0,82098.0,187.0,123901.0,93694.32051263248
510,2021-06-14,3039432.0,10715.0,82217.0,119.0,123901.0,93865.75645839713
511,2021-06-15,3049648.0,10216.0,82351.0,134.0,123901.0,94036.09246249274
512,2021-06-16,3060135.0,10487.0,82480.0,129.0,123901.0,94205.33367936044
513,2021-06-17,3070426.0,10291.0,82619.0,139.0,76729.0,94373.48532365925
514,2021-06-18,3080526.0,10100.0,82746.0,127.0,76729.0,94540.5526659187
515,2021-06-19,3086974.0,6448.0,82854.0,108.0,76729.0,94706.54102811367
516,2021-06-20,3095135.0,8161.0,82965.0,111.0,76729.0,94871.45577922287
517,2021-06-21,3105620.0,10485.0,83101.0,136.0,76729.0,95035.30233071755
518,2021-06-22,3117336.0,11716.0,83217.0,116.0,76729.0,95198.08613202778
519,2021-06-23,3128395.0,11059.0,83329.0,112.0,76729.0,95359.81266594921
520,2021-06-24,3140129.0,11734.0,83473.0,144.0,76729.0,95520.48744401486
521,2021-06-25,3150949.0,10820.0,83588.0,115.0,76729.0,95680.11600182681
522,2021-06-26,3157983.0,7034.0,83711.0,123.0,76729.0,95838.70389434752
523,2021-06-27,3167741.0,9758.0,83845.0,134.0,76729.0,95996.25669114442
524,2021-06-28,3180092.0,12351.0,83985.0,140.0,76729.0,96152.77997160946
525,2021-06-29,3192809.0,12717.0,84127.0,142.0,76729.0,96308.27932013069
526,2021-06-30,3204557.0,11748.0,84264.0,137.0,76729.0,96462.76032123445
527,2021-07-01,3218860.0,14303.0,84389.0,125.0,76729.0,96616.22855467918
528,2021-07-02,3232696.0,13836.0,84516.0,127.0,76729.0,96768.68959054128
529,2021-07-03,3241037.0,8341.0,84627.0,111.0,76729.0,96920.1489842442
530,2021-07-04,3254818.0,13781.0,84792.0,165.0,76729.0,97070.61227156139
531,2021-07-05,3270843.0,16025.0,84949.0,157.0,76729.0,97220.0849635956
532,2021-07-06,3286923.0,16080.0,85095.0,146.0,76729.0,97368.5725417208
533,2021-07-07,3304135.0,17212.0,85261.0,166.0,68852.0,97516.0804525056
534,2021-07-08,3327526.0,23391.0,85397.0,136.0,68852.0,97662.61410259698
535,2021-07-09,3344122.0,16596.0,85543.0,146.0,68852.0,97808.17885358781
536,2021-07-10,3355786.0,11664.0,85694.0,151.0,68852.0,97952.78001685404
537,2021-07-11,3373450.0,17664.0,85859.0,165.0,68852.0,98096.4228483798
538,2021-07-12,3394279.0,20829.0,86041.0,182.0,68852.0,98239.11254353599
539,2021-07-13,3417029.0,22750.0,86207.0,166.0,68852.0,98380.85423187596
540,2021-07-14,3440400.0,23371.0,86391.0,184.0,68852.0,98521.65297186525
541,2021-07-15,3464055.0,23655.0,86592.0,201.0,68852.0,98661.51374563911
542,2021-07-16,3485940.0,21885.0,86791.0,199.0,68852.0,98800.44145371449
543,2021-07-17,3501079.0,15139.0,86966.0,175.0,68852.0,98938.44090969359
544,2021-07-18,3523263.0,22184.0,87161.0,195.0,68852.0,99075.51683495576
545,2021-07-19,3548704.0,25441.0,87374.0,213.0,68852.0,99211.67385334206
546,2021-07-20,3576148.0,27444.0,87624.0,250.0,68852.0,99346.91648581588
547,2021-07-21,3603527.0,27379.0,87837.0,213.0,68852.0,99481.24914511443
548,2021-07-22,3623840.0,20313.0,88063.0,226.0,68852.0,99614.67613043227
549,2021-07-23,3645654.0,21814.0,88273.0,210.0,68852.0,99747.20162203127
550,2021-07-24,3664286.0,18632.0,88532.0,259.0,68852.0,99878.82967589294
551,2021-07-25,3691432.0,27146.0,88800.0,268.0,68852.0,100009.56421836057
552,2021-07-26,3723246.0,31814.0,89122.0,322.0,68852.0,100139.4090407664
553,2021-07-27,3758197.0,34951.0,89479.0,357.0,68852.0,100268.36779408307
554,2021-07-28,3792014.0,33817.0,89782.0,303.0,68852.0,100396.44398353771
555,2021-07-29,3826447.0,34433.0,90074.0,292.0,68852.0,100523.64096326997
556,2021-07-30,3851162.0,24715.0,90344.0,270.0,68852.0,100649.96193098334
557,2021-07-31,3871008.0,19846.0,90630.0,286.0,68852.0,100775.40992257708
558,2021-08-01,3903519.0,32511.0,90996.0,366.0,68852.0,100899.98780683019
559,2021-08-02,3940708.0,37189.0,91407.0,411.0,68852.0,101023.69828006123
560,2021-08-03,3979727.0,39019.0,91785.0,378.0,68852.0,101146.54386082441
561,2021-08-04,4019084.0,39357.0,92194.0,409.0,68852.0,101268.52688459457
562,2021-08-05,4057758.0,38674.0,92628.0,434.0,68852.0,101389.64949849398
563,2021-08-06,4092671.0,34913.0,93086.0,458.0,68852.0,101509.91365602483
564,2021-08-07,4119110.0,26439.0,93473.0,387.0,93846.0,101629.32111181376
565,2021-08-08,4158729.0,39619.0,94015.0,542.0,99847.0,101747.87341639643
566,2021-08-09,4199537.0,40808.0,94603.0,588.0,99847.0,101865.57191101146
567,2021-08-10,4238676.0,39139.0,95111.0,508.0,99847.0,101982.41772242785
568,2021-08-11,4281217.0,42541.0,95647.0,536.0,99847.0,102098.41175779478
569,2021-08-12,4320266.0,39049.0,96215.0,568.0,99847.0,102213.55469951183
570,2021-08-13,4359385.0,39119.0,96742.0,527.0,94633.0,102327.84700017014
571,2021-08-14,4389085.0,29700.0,97208.0,466.0,93631.0,102441.28887747192
572,2021-08-15,4425821.0,36736.0,97828.0,620.0,104419.0,102553.88030923122
573,2021-08-16,4467015.0,41194.0,98483.0,655.0,104419.0,102665.62102838104
574,2021-08-17,4517243.0,50228.0,99108.0,625.0,104419.0,102776.51051805598
575,2021-08-18,4556417.0,39174.0,99691.0,583.0,104419.0,102886.54800666925
576,2021-08-19,4587683.0,31266.0,100255.0,564.0,94557.0,102995.73246308473
577,2021-08-20,4616516.0,28833.0,100810.0,555.0,86429.0,103104.06259180476
578,2021-08-21,4640695.0,24179.0,101354.0,544.0,118638.0,103211.53682820928
579,2021-08-22,4677114.0,36419.0,102038.0,684.0,118638.0,103318.15333385636
580,2021-08-23,4715771.0,38657.0,102648.0,610.0,118638.0,103423.90999183022
581,2021-08-24,4756394.0,40623.0,103357.0,709.0,118638.0,103528.80440216475
582,2021-08-25,4796377.0,39983.0,104022.0,665.0,119642.0,103632.83387727999
583,2021-08-26,4833135.0,36758.0,104716.0,694.0,116841.0,103735.99543752392
584,2021-08-27,4869414.0,36279.0,105287.0,571.0,108091.0,103838.28580676076
585,2021-08-28,4895448.0,26034.0,105901.0,614.0,113604.0,103939.7014080329
586,2021-08-29,4926964.0,31516.0,106482.0,581.0,113604.0,104040.23835925722
587,2021-08-30,4960744.0,33780.0,107151.0,669.0,113604.0,104139.89246905745
588,2021-08-31,4992063.0,31319.0,107794.0,643.0,113604.0,104238.65923259371
589,2021-09-01,5025233.0,33170.0,108393.0,599.0,113604.0,104336.53382754103
590,2021-09-02,5055512.0,30279.0,108988.0,595.0,113279.0,104433.5111100847
591,2021-09-03,5083133.0,27621.0,109549.0,561.0,108339.0,104529.58561102078
592,2021-09-04,5103537.0,20404.0,110064.0,515.0,107665.0,104624.75153197591
593,2021-09-05,5129407.0,25870.0,110674.0,610.0,116750.0,104719.00274164752
594,2021-09-06,5156986.0,27579.0,111257.0,583.0,116542.0,104812.33277217728
595,2021-09-07,5184124.0,27138.0,111892.0,635.0,109016.0,104904.73481559717
596,2021-09-08,5210978.0,26854.0,112430.0,538.0,113682.0,104996.20172040314
597,2021-09-09,5237799.0,26821.0,112935.0,505.0,112549.0,105086.72598816418
598,2021-09-10,5258913.0,21114.0,113380.0,445.0,113267.0,105176.2997703027
599,2021-09-11,5275567.0,16654.0,113824.0,444.0,109413.0,105264.9148649253
600,2021-09-12,5295786.0,20219.0,114311.0,487.0,109413.0,105352.56271377263
601,2021-09-13,5318327.0,22541.0,114759.0,448.0,109413.0,105439.23439930343
602,2021-09-14,5340656.0,22329.0,115167.0,408.0,108312.0,105524.92064187267
603,2021-09-15,5360387.0,19731.0,115619.0,452.0,112096.0,105609.61179698036
604,2021-09-16,5378408.0,18021.0,116072.0,453.0,115179.0,105693.29785274492
605,2021-09-17,5396013.0,17605.0,116436.0,364.0,109422.0,105775.96842735504
606,2021-09-18,5408860.0,12847.0,116791.0,355.0,110765.0,105857.61276680474
607,2021-09-19,5424835.0,15975.0,117182.0,391.0,114031.0,105938.2197426228
608,2021-09-20,5442232.0,17397.0,117526.0,344.0,106795.0,106017.77784979493
609,2021-09-21,5459796.0,17564.0,117905.0,379.0,109119.0,106096.27520479598
610,2021-09-22,5477229.0,17433.0,118191.0,286.0,108213.0,106173.69954379798
611,2021-09-23,5493591.0,16362.0,118508.0,317.0,106327.0,106250.03822097146
612,2021-09-24,5508885.0,15294.0,118792.0,284.0,107749.0,106325.27820693758
613,2021-09-25,5519728.0,10843.0,119082.0,290.0,111829.0,106399.40608740282
614,2021-09-26,5533520.0,13792.0,119360.0,278.0,111829.0,106472.40806189981
615,2021-09-27,5547990.0,14470.0,119649.0,289.0,111829.0,106544.26994267535
616,2021-09-28,5559691.0,11701.0,119888.0,239.0,107917.0,106614.97715383452
617,2021-09-29,5572962.0,13271.0,120160.0,272.0,110390.0,106684.51473046337
618,2021-09-30,5587040.0,14078.0,120428.0,268.0,109306.0,106752.86731809434
619,2021-10-01,5601565.0,14525.0,120663.0,235.0,104369.0,106820.0191722313
620,2021-10-02,5611700.0,10135.0,120880.0,217.0,104369.0,106885.95415807945
621,2021-10-03,5624128.0,12428.0,121109.0,229.0,104369.0,106950.65575043914
622,2021-10-04,5638735.0,14607.0,121347.0,238.0,104369.0,107014.10703378786
623,2021-10-05,5651961.0,13226.0,121563.0,216.0,104369.0,107076.29070254472
624,2021-10-06,5662458.0,10497.0,121779.0,216.0,106347.0,107137.18906147276
625,2021-10-07,5674083.0,11625.0,122012.0,233.0,101892.0,107196.78402635512
626,2021-10-08,5683980.0,9897.0,122197.0,185.0,101892.0,107255.05712478292
627,2021-10-09,5691634.0,7654.0,122370.0,173.0,101892.0,107311.98949717228
628,2021-10-10,5702890.0,11256.0,122592.0,222.0,101892.0,107367.56189797689
629,2021-10-11,5716394.0,13504.0,122868.0,276.0,104213.0,107421.7546971297
630,2021-10-12,5729785.0,13391.0,123081.0,213.0,103217.0,107474.5478816094
631,2021-10-13,5742083.0,12298.0,123275.0,194.0,109513.0,107525.92105734219
632,2021-10-14,5754047.0,11964.0,123498.0,223.0,110914.0,107575.85345117805
633,2021-10-15,5765904.0,11857.0,123695.0,197.0,108693.0,107624.3239131948
634,2021-10-16,5773419.0,7515.0,123876.0,181.0,108693.0,107671.3109191848
635,2021-10-17,5784815.0,11396.0,124075.0,199.0,108693.0,107716.79257334453
636,2021-10-18,5796659.0,11844.0,124256.0,181.0,108693.0,107760.7466112381
637,2021-10-19,5809967.0,13308.0,124423.0,167.0,108693.0,107803.1504029451
638,2021-10-20,5821737.0,11770.0,124585.0,162.0,108693.0,107843.98095650841
639,2021-10-21,5833525.0,11788.0,124763.0,178.0,109854.0,107883.2149215663
640,2021-10-22,5844589.0,11064.0,124928.0,165.0,102957.0,107920.82859324907
641,2021-10-23,5851670.0,7081.0,125052.0,124.0,102957.0,107956.79791635145
642,2021-10-24,5860844.0,9174.0,125223.0,171.0,102957.0,107991.09848972467
643,2021-10-25,5868360.0,7516.0,125363.0,140.0,102957.0,108023.70557093491
644,2021-10-26,5877456.0,9096.0,125519.0,156.0,102957.0,108054.59408121054
645,2021-10-27,5888100.0,10644.0,125716.0,197.0,109236.0,108083.73861063142
646,2021-10-28,5899509.0,11409.0,125875.0,159.0,108276.0,108111.11342357715
647,2021-10-29,5909402.0,9893.0,125998.0,123.0,110956.0,108136.69246449006
648,2021-10-30,5916211.0,6809.0,126126.0,128.0,112062.0,108160.44936389347
649,2021-10-31,5924638.0,8427.0,126303.0,177.0,112062.0,108182.35744470415
650,2021-11-01,5934495.0,9857.0,126456.0,153.0,112062.0,108202.38972882983
651,2021-11-02,5944599.0,10104.0,126616.0,160.0,112062.0,108220.51894402188
652,2021-11-03,5954962.0,10363.0,126763.0,147.0,112062.0,108236.71753113774
653,2021-11-04,5964824.0,9862.0,126921.0,158.0,112062.0,108250.95765159336
654,2021-11-05,5973457.0,8633.0,127053.0,132.0,110436.0,108263.2111951342
655,2021-11-06,5980260.0,6803.0,127173.0,120.0,109836.0,108273.44978799728
656,2021-11-07,5987814.0,7554.0,127299.0,126.0,111036.0,108281.64480134156
657,2021-11-08,5996155.0,8341.0,127439.0,140.0,113591.0,108287.76735994463
658,2021-11-09,6004460.0,8305.0,127551.0,112.0,110302.0,108291.78835135941
659,2021-11-10,6012408.0,7948.0,127686.0,135.0,109318.0,108293.67843522002
660,2021-11-11,6019947.0,7539.0,127809.0,123.0,108341.0,108293.4080531044
661,2021-11-12,6027269.0,7322.0,127918.0,109.0,108341.0,108290.94743853119
662,2021-11-13,6031575.0,4306.0,128042.0,124.0,108341.0,108286.26662741658
663,2021-11-14,6037718.0,6143.0,128167.0,125.0,108341.0,108279.33546889258
664,2021-11-15,6045212.0,7494.0,128272.0,105.0,108341.0,108270.12363637668
665,2021-11-16,6051642.0,6430.0,128406.0,134.0,108341.0,108258.60063913521
666,2021-11-17,6057893.0,6251.0,128531.0,125.0,215102.0,108244.7358341111
667,2021-11-18,6063775.0,5882.0,128634.0,103.0,215102.0,108228.4984381633
668,2021-11-19,6069559.0,5784.0,128734.0,100.0,215102.0,108209.85754068439
669,2021-11-20,6073098.0,3539.0,128852.0,118.0,111047.0,108188.78211660181
670,2021-11-21,6077438.0,4340.0,128956.0,104.0,111047.0,108165.24103972373
671,2021-11-22,6082865.0,5427.0,129053.0,97.0,111047.0,108139.20309655053
672,2021-11-23,6088009.0,5144.0,129177.0,124.0,111047.0,108110.63700041232
673,2021-11-24,6092822.0,4813.0,129280.0,103.0,111047.0,108079.5114060348
674,2021-11-25,6097672.0,4850.0,129376.0,96.0,111296.0,108045.79492456523
675,2021-11-26,6102056.0,4384.0,129462.0,86.0,112299.0,108009.45613885728
676,2021-11-27,6105101.0,3045.0,129549.0,87.0,107694.0,107970.4636194246
677,2021-11-28,6108882.0,3781.0,129629.0,80.0,109371.0,107928.78594051172
678,2021-11-29,6113192.0,4310.0,129711.0,82.0,109371.0,107884.39169690815
679,2021-11-30,6117445.0,4253.0,129830.0,119.0,109371.0,107837.24952090775
680,2021-12-01,6121757.0,4312.0,129912.0,82.0,109211.0,107787.32809993495
681,2021-12-02,6125596.0,3839.0,129988.0,76.0,110473.0,107734.5961944746
682,2021-12-03,6129199.0,3603.0,130066.0,78.0,109726.0,107679.02265654375
683,2021-12-04,6131356.0,2157.0,130124.0,58.0,106392.0,107620.57644854729
684,2021-12-05,6134465.0,3109.0,130200.0,76.0,106392.0,107559.22666264196
685,2021-12-06,6137821.0,3356.0,130277.0,77.0,106392.0,107494.94254058097
686,2021-12-07,6141335.0,3514.0,130356.0,79.0,108269.0,107427.69349393119
687,2021-12-08,6144644.0,3309.0,130446.0,90.0,109235.0,107357.4491249757
688,2021-12-09,6147872.0,3228.0,130524.0,78.0,105396.0,107284.17924785485
689,2021-12-10,6150843.0,2971.0,130603.0,79.0,105396.0,107207.85391039272
690,2021-12-11,6152524.0,1681.0,130661.0,58.0,105396.0,107128.44341630359
691,2021-12-12,6154813.0,2289.0,130722.0,61.0,101296.0,107045.91834800188
692,2021-12-13,6157519.0,2706.0,130764.0,42.0,101296.0,106960.24958978464
693,2021-12-14,6160303.0,2784.0,130831.0,67.0,101296.0,106871.40835172181
694,2021-12-15,6162954.0,2651.0,130883.0,52.0,101296.0,106779.36619387065
695,2021-12-16,6165454.0,2500.0,130946.0,63.0,101296.0,106684.09505114575
696,2021-12-17,6167650.0,2196.0,130992.0,46.0,106219.0,106585.56725867336
697,2021-12-18,6169011.0,1361.0,131033.0,41.0,101273.0,106483.75557774176
698,2021-12-19,6170979.0,1968.0,131083.0,50.0,102976.0,106378.63322215398
699,2021-12-20,6173369.0,2390.0,131124.0,41.0,106305.0,106270.17388538887
700,2021-12-21,6175782.0,2413.0,131167.0,43.0,101346.0,106158.35176802297
701,2021-12-22,6177885.0,2103.0,131211.0,44.0,100382.0,106043.1416059496
702,2021-12-23,6179817.0,1932.0,131262.0,51.0,101297.0,105924.51869904865
703,2021-12-24,6181784.0,1967.0,131306.0,44.0,102916.0,105802.45894051586
704,2021-12-25,6182905.0,1121.0,131348.0,42.0,101463.0,105676.9388466688
705,2021-12-26,6184762.0,1857.0,131400.0,52.0,101463.0,105547.93558749427
706,2021-12-27,6186729.0,1967.0,131434.0,34.0,101463.0,105415.42701759805
707,2021-12-28,6188857.0,2128.0,131474.0,40.0,100137.0,105279.39170801883
708,2021-12-29,6190762.0,1905.0,131527.0,53.0,98364.0,105139.80897834768
709,2021-12-30,6192698.0,1936.0,131572.0,45.0,96258.0,104996.65892977138
710,2021-12-31,6194401.0,1703.0,131606.0,34.0,95169.0,104849.92247848828
711,2022-01-01,6195403.0,1002.0,131639.0,33.0,96025.0,104699.58138993625
712,2022-01-02,6196913.0,1510.0,131680.0,41.0,101312.0,104545.61831357946
713,2022-01-03,6198590.0,1677.0,131702.0,22.0,101368.0,104388.01681825389
714,2022-01-04,6200296.0,1706.0,131736.0,34.0,100613.0,104226.7614284331
715,2022-01-05,6201467.0,1171.0,131778.0,42.0,102041.0,104061.83766084407
716,2022-01-06,6203046.0,1579.0,131802.0,24.0,93061.0,103893.23206193616
717,2022-01-07,6204224.0,1178.0,131821.0,19.0,84032.0,103720.93224596103
718,2022-01-08,6204925.0,701.0,131847.0,26.0,84032.0,103544.92693383862
719,2022-01-09,6206405.0,1480.0,131878.0,31.0,84032.0,103365.20599244405
720,2022-01-10,6208337.0,1932.0,131915.0,37.0,81265.0,103181.76047496368
721,2022-01-11,6210298.0,1961.0,131940.0,25.0,80163.0,102994.58266163488
722,2022-01-12,6212387.0,2089.0,131972.0,32.0,81639.0,102803.66610133891
723,2022-01-13,6214781.0,2394.0,132002.0,30.0,81267.0,102609.00565393512
724,2022-01-14,6217320.0,2539.0,132026.0,24.0,81267.0,102410.59753320609
725,2022-01-15,6218741.0,1421.0,132044.0,18.0,81267.0,102208.43935069685
726,2022-01-16,6221033.0,2292.0,132075.0,31.0,83492.0,102002.53016015013
727,2022-01-17,6224196.0,3163.0,132095.0,20.0,89216.0,101792.87050269787
728,2022-01-18,6227849.0,3653.0,132113.0,18.0,90234.0,101579.46245292817
729,2022-01-19,6231909.0,4060.0,132132.0,19.0,91257.0,101362.30966560413
730,2022-01-20,6236567.0,4658.0,132152.0,20.0,88216.0,101141.41742318739
731,2022-01-21,6241843.0,5276.0,132172.0,20.0,88216.0,100916.79268412535
732,2022-01-22,6245346.0,3503.0,132202.0,30.0,88216.0,100688.44413192813
733,2022-01-23,6250490.0,5144.0,132230.0,28.0,95127.0,100456.38222504278
734,2022-01-24,6258181.0,7691.0,132251.0,21.0,95127.0,100220.61924764757
735,2022-01-25,6267559.0,9378.0,132274.0,23.0,95127.0,99981.16936087851
736,2022-01-26,6279410.0,11851.0,132303.0,29.0,95127.0,99738.04865543787
737,2022-01-27,6293695.0,14285.0,132333.0,30.0,95127.0,99491.27520445232
738,2022-01-28,6310452.0,16757.0,132356.0,23.0,95127.0,99240.86911762004
739,2022-01-29,6322183.0,11731.0,132380.0,24.0,95127.0,98986.85259589796
740,2022-01-30,6344179.0,21996.0,132424.0,44.0,95127.0,98729.24998720606
741,2022-01-31,6373174.0,28995.0,132454.0,30.0,95127.0,98468.08784289156
742,2022-02-01,6408244.0,35070.0,132504.0,50.0,97163.0,98203.39497517292
743,2022-02-02,6446404.0,38160.0,132563.0,59.0,102306.0,97935.20251523201
744,2022-02-03,6483799.0,37395.0,132624.0,61.0,106310.0,97663.54397250582
745,2022-02-04,6520707.0,36908.0,132681.0,57.0,79345.0,97388.4552945817
746,2022-02-05,6543837.0,23130.0,132745.0,64.0,79345.0,97109.97492813935
747,2022-02-06,6579266.0,35429.0,132830.0,85.0,79345.0,96828.1438808242
748,2022-02-07,6619085.0,39819.0,132934.0,104.0,79345.0,96543.00578386952
749,2022-02-08,6657842.0,38757.0,133048.0,114.0,79345.0,96254.60695579519
750,2022-02-09,6696927.0,39085.0,133164.0,116.0,79345.0,95962.99646699299
751,2022-02-10,6730608.0,33681.0,133294.0,130.0,79345.0,95668.22620537748
752,2022-02-11,6761855.0,31247.0,133437.0,143.0,79345.0,95370.3509425359
753,2022-02-12,6780453.0,18598.0,133570.0,133.0,79345.0,95069.42840153594
754,2022-02-13,6806265.0,25812.0,133718.0,148.0,79345.0,94765.51932498683
755,2022-02-14,6835221.0,28956.0,133886.0,168.0,79345.0,94458.68754474689
756,2022-02-15,6860255.0,25034.0,134053.0,167.0,79345.0,94149.00005197396
757,2022-02-16,6876565.0,16310.0,134238.0,185.0,79345.0,93836.52706859131
758,2022-02-17,6894110.0,17545.0,134420.0,182.0,79345.0,93521.34211968501
759,2022-02-18,6913427.0,19317.0,134607.0,187.0,79345.0,93203.52210681756
760,2022-02-19,6925485.0,12058.0,134798.0,191.0,79345.0,92883.14738240709
761,2022-02-20,6942452.0,16967.0,135040.0,242.0,79345.0,92560.3018251123
762,2022-02-21,6961562.0,19110.0,135276.0,236.0,79345.0,92235.07291628291
763,2022-02-22,6983635.0,22073.0,135499.0,223.0,79345.0,91907.5518175127
764,2022-02-23,6998975.0,15340.0,135726.0,227.0,81264.0,91577.83344909419
765,2022-02-24,7011932.0,12957.0,135952.0,226.0,73162.0,91246.01656968762
766,2022-02-25,7023904.0,11972.0,136166.0,214.0,73162.0,90912.20385695864
767,2022-02-26,7030943.0,7039.0,136390.0,224.0,73162.0,90576.50198940803
768,2022-02-27,7040467.0,9524.0,136631.0,241.0,81246.0,90239.02172919978
769,2022-02-28,7051429.0,10962.0,136838.0,207.0,83246.0,89899.87800608446
770,2022-03-01,7060741.0,9312.0,137064.0,226.0,83461.0,89559.19000256677
771,2022-03-02,7066975.0,6234.0,137267.0,203.0,80246.0,89217.08124001195
772,2022-03-03,7073747.0,6772.0,137439.0,172.0,78234.0,88873.67966601123
773,2022-03-04,7080217.0,6470.0,137593.0,154.0,79216.0,88529.11774286498
774,2022-03-05,7084306.0,4089.0,137747.0,154.0,79216.0,88183.53253718336
775,2022-03-06,7089892.0,5586.0,137948.0,201.0,79216.0,87837.06581065674
776,2022-03-07,7096318.0,6426.0,138116.0,168.0,81526.0,87489.8641120108
777,2022-03-08,7102159.0,5841.0,138260.0,144.0,76234.0,87142.07887013127
778,2022-03-09,7107167.0,5008.0,138433.0,173.0,76234.0,86793.86648839583
779,2022-03-10,7113591.0,6424.0,138572.0,139.0,76234.0,86445.38844010104
780,2022-03-11,7117544.0,3953.0,138711.0,139.0,76234.0,86096.81136540939
781,2022-03-12,7119763.0,2219.0,138831.0,120.0,76234.0,85748.30716898908
782,2022-03-13,7123093.0,3330.0,138949.0,118.0,76234.0,85400.05311939736
783,2022-03-14,7126906.0,3813.0,139063.0,114.0,76234.0,85052.23194948454
784,2022-03-15,7130129.0,3223.0,139180.0,117.0,76234.0,84705.03195796777
785,2022-03-16,7133139.0,3010.0,139289.0,109.0,76234.0,84358.64711234589
786,2022-03-17,7135719.0,2580.0,139387.0,98.0,76234.0,84013.2771532001
787,2022-03-18,7137894.0,2175.0,139478.0,91.0,76234.0,83669.12769960483
788,2022-03-19,7139217.0,1323.0,139550.0,72.0,76234.0,83326.4103557529
789,2022-03-20,7141033.0,1816.0,139610.0,60.0,76234.0,82985.34281939139
790,2022-03-21,7142287.0,1254.0,139662.0,52.0,76234.0,82646.14899068196
791,2022-03-22,7143409.0,1122.0,139735.0,73.0,76234.0,82309.05908343066
792,2022-03-23,7144532.0,1123.0,139802.0,67.0,76234.0,81974.30973656346
793,2022-03-24,7145877.0,1345.0,139865.0,63.0,76234.0,81642.14412809779
794,2022-03-25,7147407.0,1530.0,139917.0,52.0,76234.0,81312.81208931525
795,2022-03-26,7148789.0,1382.0,139971.0,54.0,76234.0,80986.5702212738
796,2022-03-27,7151088.0,2299.0,140021.0,50.0,76234.0,80663.68201190104
797,2022-03-28,7154003.0,2915.0,140063.0,42.0,76234.0,80344.41795518865
798,2022-03-29,7156746.0,2743.0,140109.0,46.0,76234.0,80029.05567132552
799,2022-03-30,7159733.0,2987.0,140158.0,49.0,76234.0,79717.88002814968
800,2022-03-31,7162220.0,2487.0,140204.0,46.0,76234.0,79411.1832645299
801,2022-04-01,7164484.0,2264.0,140240.0,36.0,76234.0,79109.26511470099
802,2022-04-02,7166371.0,1887.0,140277.0,37.0,76234.0,78812.43293418606
803,2022-04-03,7167646.0,1275.0,140315.0,38.0,76234.0,78521.00182738026
804,2022-04-04,7171165.0,3519.0,140368.0,53.0,76234.0,78235.29477619995
805,2022-04-05,7175780.0,4615.0,140407.0,39.0,76234.0,77955.64277042319
806,2022-04-06,7180008.0,4228.0,140451.0,44.0,76234.0,77682.38493972887
807,2022-04-07,7183808.0,3800.0,140492.0,41.0,76234.0,77415.86868685354
808,2022-04-08,7186992.0,3184.0,140528.0,36.0,76234.0,77156.44982233514
809,2022-04-09,7188749.0,1757.0,140577.0,49.0,76234.0,76904.49270110448
810,2022-04-10,7191643.0,2894.0,140616.0,39.0,76234.0,76660.3703602167
811,2022-04-11,7194768.0,3125.0,140650.0,34.0,76234.0,76424.46465808024
812,2022-04-12,7197505.0,2737.0,140678.0,28.0,76234.0,76197.1664158689
813,2022-04-13,7199861.0,2356.0,140711.0,33.0,76234.0,75978.87555980553
814,2022-04-14,7202055.0,2194.0,140744.0,33.0,76234.0,75770.00126520415
815,2022-04-15,7204049.0,1994.0,140777.0,33.0,76234.0,75570.96210238208
816,2022-04-16,7205064.0,1015.0,140800.0,23.0,76234.0,75382.18618373443
817,2022-04-17,7206959.0,1895.0,140829.0,29.0,76234.0,75204.11131298413
818,2022-04-18,7208968.0,2009.0,140854.0,25.0,76234.0,75037.18513542284
