,date,total_cases,new_cases,total_deaths,new_deaths,new_tests,new_tests_reg
29,2020-02-19,2.0,2.0,2.0,2.0,10418.0,14567.66080452683
30,2020-02-20,5.0,3.0,2.0,0.0,10418.0,14567.660804616975
31,2020-02-21,18.0,13.0,4.0,2.0,10418.0,14567.660807357675
32,2020-02-22,28.0,10.0,5.0,1.0,10418.0,14567.660825868858
33,2020-02-23,43.0,15.0,8.0,3.0,10418.0,14567.660893916172
34,2020-02-24,61.0,18.0,12.0,4.0,10418.0,14567.661075759826
35,2020-02-25,95.0,34.0,16.0,4.0,10418.0,14567.661475681187
36,2020-02-26,139.0,44.0,19.0,3.0,10418.0,14567.662247191893
37,2020-02-27,245.0,106.0,26.0,7.0,10418.0,14567.663601930097
38,2020-02-28,388.0,143.0,34.0,8.0,10418.0,14567.665818248472
39,2020-02-29,593.0,205.0,43.0,9.0,10418.0,14567.669249498567
40,2020-03-01,978.0,385.0,54.0,11.0,10418.0,14567.67433201606
41,2020-03-02,1501.0,523.0,66.0,12.0,10418.0,14567.681592811405
42,2020-03-03,2336.0,835.0,77.0,11.0,10418.0,14567.691656970386
43,2020-03-04,2922.0,586.0,92.0,15.0,10418.0,14567.705254769002
44,2020-03-05,3513.0,591.0,107.0,15.0,10418.0,14567.72322850708
45,2020-03-06,4747.0,1234.0,124.0,17.0,10418.0,14567.746539065025
46,2020-03-07,5823.0,1076.0,145.0,21.0,10418.0,14567.776272188024
47,2020-03-08,6566.0,743.0,194.0,49.0,10418.0,14567.81364450201
48,2020-03-09,7161.0,595.0,237.0,43.0,10418.0,14567.860009265676
49,2020-03-10,8042.0,881.0,291.0,54.0,10418.0,14567.916861862766
50,2020-03-11,9000.0,958.0,354.0,63.0,10418.0,14567.985845038847
51,2020-03-12,10075.0,1075.0,429.0,75.0,10418.0,14568.06875388673
52,2020-03-13,11364.0,1289.0,514.0,85.0,10418.0,14568.167540584695
53,2020-03-14,12729.0,1365.0,611.0,97.0,10418.0,14568.284318891605
54,2020-03-15,13938.0,1209.0,724.0,113.0,10418.0,14568.421368402987
55,2020-03-16,14991.0,1053.0,853.0,129.0,10418.0,14568.581138572112
56,2020-03-17,16169.0,1178.0,988.0,135.0,10418.0,14568.766252500087
57,2020-03-18,17361.0,1192.0,1135.0,147.0,10418.0,14568.979510498924
58,2020-03-19,18407.0,1046.0,1284.0,149.0,10418.0,14569.22389343152
59,2020-03-20,19644.0,1237.0,1433.0,149.0,10418.0,14569.50256583246
60,2020-03-21,20610.0,966.0,1556.0,123.0,10418.0,14569.818878813507
61,2020-03-22,21638.0,1028.0,1685.0,129.0,10418.0,14570.176372757634
62,2020-03-23,23049.0,1411.0,1812.0,127.0,10418.0,14570.578779805377
63,2020-03-24,24811.0,1762.0,1934.0,122.0,10418.0,14571.03002613731
64,2020-03-25,27017.0,2206.0,2077.0,143.0,10418.0,14571.534234056377
65,2020-03-26,29406.0,2389.0,2234.0,157.0,10418.0,14572.09572387377
66,2020-03-27,32332.0,2926.0,2378.0,144.0,10418.0,14572.71901560208
67,2020-03-28,35408.0,3076.0,2517.0,139.0,10418.0,14573.408830459295
68,2020-03-29,38309.0,2901.0,2640.0,123.0,10418.0,14574.170092187334
69,2020-03-30,41495.0,3186.0,2757.0,117.0,10418.0,14575.007928188643
70,2020-03-31,44605.0,3110.0,2898.0,141.0,10418.0,14575.927670484425
71,2020-04-01,47593.0,2988.0,3036.0,138.0,10418.0,14576.934856498041
72,2020-04-02,50468.0,2875.0,3160.0,124.0,10418.0,14578.035229667026
73,2020-04-03,53183.0,2715.0,3294.0,134.0,10418.0,14579.234739887213
74,2020-04-04,55743.0,2560.0,3452.0,158.0,10418.0,14580.539543792385
75,2020-04-05,58226.0,2483.0,3603.0,151.0,10418.0,14581.95600487283
76,2020-04-06,60500.0,2274.0,3739.0,136.0,10418.0,14583.490693436177
77,2020-04-07,62589.0,2089.0,3872.0,133.0,10418.0,14585.150386413845
78,2020-04-08,64586.0,1997.0,3993.0,121.0,10418.0,14586.94206701641
79,2020-04-09,66220.0,1634.0,4110.0,117.0,10418.0,14588.872924241141
80,2020-04-10,68192.0,1972.0,4232.0,122.0,11175.0,14590.950352234968
81,2020-04-11,70029.0,1837.0,4357.0,125.0,9135.0,14593.181949516087
82,2020-04-12,71686.0,1657.0,4474.0,117.0,11685.0,14595.575518057367
83,2020-04-13,73303.0,1617.0,4585.0,111.0,11845.0,14598.139062234732
84,2020-04-14,74877.0,1574.0,4683.0,98.0,11845.0,14600.880787643619
85,2020-04-15,76389.0,1512.0,4777.0,94.0,11845.0,14603.809099786604
86,2020-04-16,77995.0,1606.0,4869.0,92.0,11136.0,14606.932602635277
87,2020-04-17,79494.0,1499.0,4958.0,89.0,9539.0,14610.260097069357
88,2020-04-18,80868.0,1374.0,5031.0,73.0,10258.0,14613.800579196086
89,2020-04-19,82211.0,1343.0,5118.0,87.0,11525.0,14617.563238552852
90,2020-04-20,83505.0,1294.0,5209.0,91.0,11350.0,14621.557456195987
91,2020-04-21,84802.0,1297.0,5297.0,88.0,12711.0,14625.792802678661
92,2020-04-22,85996.0,1194.0,5391.0,94.0,10420.0,14630.279035920737
93,2020-04-23,87026.0,1030.0,5481.0,90.0,10420.0,14635.026098973458
94,2020-04-24,88194.0,1168.0,5574.0,93.0,10420.0,14640.04411768179
95,2020-04-25,89328.0,1134.0,5650.0,76.0,10148.0,14645.343398247207
96,2020-04-26,90481.0,1153.0,5710.0,60.0,11238.0,14650.934424693709
97,2020-04-27,91472.0,991.0,5806.0,96.0,11016.0,14656.827856239765
98,2020-04-28,92584.0,1112.0,5877.0,71.0,9909.0,14663.034524578963
99,2020-04-29,93657.0,1073.0,5957.0,80.0,9909.0,14669.565431071986
100,2020-04-30,94640.0,983.0,6028.0,71.0,9909.0,14676.4317438526
101,2020-05-01,95646.0,1006.0,6091.0,63.0,11728.0,14683.644794850274
102,2020-05-02,96448.0,802.0,6156.0,65.0,9518.0,14691.21607673204
103,2020-05-03,97424.0,976.0,6203.0,47.0,11732.0,14699.157239766135
104,2020-05-04,98647.0,1223.0,6277.0,74.0,12015.0,14707.480088610011
105,2020-05-05,99970.0,1323.0,6340.0,63.0,11255.0,14716.19657902519
106,2020-05-06,101650.0,1680.0,6418.0,78.0,11732.0,14725.318814521474
107,2020-05-07,103135.0,1485.0,6486.0,68.0,13517.0,14734.859042932949
108,2020-05-08,104691.0,1556.0,6541.0,55.0,14107.0,14744.829652928267
109,2020-05-09,106220.0,1529.0,6589.0,48.0,14057.0,14755.243170457528
110,2020-05-10,107603.0,1383.0,6640.0,51.0,14057.0,14766.112255138232
111,2020-05-11,109286.0,1683.0,6685.0,45.0,14057.0,14777.449696582577
112,2020-05-12,110767.0,1481.0,6733.0,48.0,14057.0,14789.268410668483
113,2020-05-13,112725.0,1958.0,6783.0,50.0,14057.0,14801.581435756607
114,2020-05-14,114533.0,1808.0,6854.0,71.0,14238.0,14814.401928855643
115,2020-05-15,116635.0,2102.0,6902.0,48.0,14832.0,14827.743161738124
116,2020-05-16,118392.0,1757.0,6937.0,35.0,14075.0,14841.618517008987
117,2020-05-17,120198.0,1806.0,6988.0,51.0,14256.0,14856.041484129048
118,2020-05-18,122492.0,2294.0,7057.0,69.0,14705.0,14871.025655395586
119,2020-05-19,124603.0,2111.0,7119.0,62.0,14536.0,14886.58472188217
120,2020-05-20,126949.0,2346.0,7183.0,64.0,15037.0,14902.732469339826
121,2020-05-21,129341.0,2392.0,7249.0,66.0,14832.0,14919.482774061658
122,2020-05-22,131652.0,2311.0,7300.0,51.0,17868.0,14936.849598712977
123,2020-05-23,133521.0,1869.0,7359.0,59.0,17373.0,14954.84698812896
124,2020-05-24,135701.0,2180.0,7417.0,58.0,19233.0,14973.489065081874
125,2020-05-25,137724.0,2023.0,7451.0,34.0,18398.0,14992.790026019846
126,2020-05-26,139511.0,1787.0,7508.0,57.0,18173.0,15012.764136779122
127,2020-05-27,141591.0,2080.0,7564.0,56.0,19456.0,15033.42572827179
128,2020-05-28,143849.0,2258.0,7627.0,63.0,19427.0,15054.78919215083
129,2020-05-29,146668.0,2819.0,7677.0,50.0,19427.0,15076.868976454421
130,2020-05-30,148950.0,2282.0,7734.0,57.0,19427.0,15099.67958123134
131,2020-05-31,151466.0,2516.0,7797.0,63.0,19896.0,15123.235554149296
132,2020-06-01,154445.0,2979.0,7878.0,81.0,19971.0,15147.551486088027
133,2020-06-02,157562.0,3117.0,7942.0,64.0,20071.0,15172.642006718917
134,2020-06-03,160696.0,3134.0,8012.0,70.0,21073.0,15198.521780072942
135,2020-06-04,164270.0,3574.0,8071.0,59.0,22353.0,15225.205500098622
136,2020-06-05,167156.0,2886.0,8134.0,63.0,20927.0,15252.707886211765
137,2020-06-06,169425.0,2269.0,8209.0,75.0,19837.0,15281.043678838643
138,2020-06-07,171789.0,2364.0,8281.0,72.0,24731.0,15310.227634954284
139,2020-06-08,173832.0,2043.0,8351.0,70.0,22431.0,15340.274523617536
140,2020-06-09,175927.0,2095.0,8425.0,74.0,22431.0,15371.199121504502
141,2020-06-10,177938.0,2011.0,8506.0,81.0,22431.0,15403.016208441963
142,2020-06-11,180156.0,2218.0,8584.0,78.0,22453.0,15435.740562942341
143,2020-06-12,182525.0,2369.0,8659.0,75.0,22453.0,15469.386957741783
144,2020-06-13,184955.0,2430.0,8730.0,71.0,22453.0,15503.970155342851
145,2020-06-14,187427.0,2472.0,8837.0,107.0,24674.0,15539.504903563367
146,2020-06-15,189876.0,2449.0,8950.0,113.0,25120.0,15576.005931092861
147,2020-06-16,192439.0,2563.0,9065.0,115.0,24415.0,15613.487943058091
148,2020-06-17,195051.0,2612.0,9185.0,120.0,26311.0,15651.965616599082
149,2020-06-18,197647.0,2596.0,9272.0,87.0,24679.0,15691.453596457066
150,2020-06-19,200262.0,2615.0,9392.0,120.0,26119.0,15731.966490575767
151,2020-06-20,202584.0,2322.0,9507.0,115.0,24957.0,15773.518865717328
152,2020-06-21,204952.0,2368.0,9623.0,116.0,26732.0,15816.125243094284
153,2020-06-22,207525.0,2573.0,9742.0,119.0,27013.0,15859.800094018892
154,2020-06-23,209970.0,2445.0,9863.0,121.0,25911.0,15904.557835571093
155,2020-06-24,212501.0,2531.0,9996.0,133.0,27194.0,15950.412826286414
156,2020-06-25,215096.0,2595.0,10130.0,134.0,27912.0,15997.379361865063
157,2020-06-26,217724.0,2628.0,10239.0,109.0,27435.0,16045.471670903444
158,2020-06-27,220180.0,2456.0,10364.0,125.0,25670.0,16094.7039106493
159,2020-06-28,222669.0,2489.0,10508.0,144.0,27327.0,16145.090162781722
160,2020-06-29,225205.0,2536.0,10670.0,162.0,28209.0,16196.64442921713
161,2020-06-30,227662.0,2457.0,10817.0,147.0,24562.0,16249.380627942419
162,2020-07-01,230211.0,2549.0,10958.0,141.0,24562.0,16303.312588876399
163,2020-07-02,232863.0,2652.0,11106.0,148.0,24562.0,16358.454049760625
164,2020-07-03,235429.0,2566.0,11260.0,154.0,24562.0,16414.818652080696
165,2020-07-04,237878.0,2449.0,11408.0,148.0,24562.0,16472.419937019127
166,2020-07-05,240438.0,2560.0,11571.0,163.0,25207.0,16531.271341440788
167,2020-07-06,243051.0,2613.0,11731.0,160.0,25276.0,16591.38619391199
168,2020-07-07,245688.0,2637.0,11931.0,200.0,26790.0,16652.777710754162
169,2020-07-08,248379.0,2691.0,12084.0,153.0,25598.0,16715.458992133197
170,2020-07-09,250458.0,2079.0,12305.0,221.0,25412.0,16779.44301818529
171,2020-07-10,252720.0,2262.0,12447.0,142.0,24698.0,16844.742645180395
172,2020-07-11,255117.0,2397.0,12635.0,188.0,24613.0,16911.370601724026
173,2020-07-12,257303.0,2186.0,12829.0,194.0,25093.0,16979.33948499849
174,2020-07-13,259652.0,2349.0,13032.0,203.0,25760.0,17048.66175704432
175,2020-07-14,262173.0,2521.0,13211.0,179.0,25112.0,17119.349741082784
176,2020-07-15,264561.0,2388.0,13410.0,199.0,24970.0,17191.415617880415
177,2020-07-16,267061.0,2500.0,13608.0,198.0,25742.0,17264.87142215622
178,2020-07-17,269440.0,2379.0,13791.0,183.0,25194.0,17339.729039032547
179,2020-07-18,271606.0,2166.0,13979.0,188.0,24533.0,17416.000200530278
180,2020-07-19,273788.0,2182.0,14188.0,209.0,25481.0,17493.696482109182
181,2020-07-20,276202.0,2414.0,14405.0,217.0,26218.0,17572.829299254146
182,2020-07-21,278827.0,2625.0,14634.0,229.0,26741.0,17653.409904108015
183,2020-07-22,281413.0,2586.0,14853.0,219.0,26319.0,17735.449382151794
184,2020-07-23,284034.0,2621.0,15074.0,221.0,25846.0,17818.958648932843
185,2020-07-24,286523.0,2489.0,15289.0,215.0,24261.0,17903.948446841812
186,2020-07-25,288839.0,2316.0,15484.0,195.0,25740.0,17990.429341938885
187,2020-07-26,291172.0,2333.0,15700.0,216.0,25740.0,18078.411720830078
188,2020-07-27,293606.0,2434.0,15912.0,212.0,25740.0,18167.905787594103
189,2020-07-28,296273.0,2667.0,16147.0,235.0,25740.0,18258.9215607605
190,2020-07-29,298909.0,2636.0,16343.0,196.0,25740.0,18351.468870339548
191,2020-07-30,301530.0,2621.0,16569.0,226.0,25644.0,18445.55735490456
192,2020-07-31,304204.0,2674.0,16766.0,197.0,25644.0,18541.196458727085
193,2020-08-01,306752.0,2548.0,16982.0,216.0,25644.0,18638.3954289656
194,2020-08-02,309437.0,2685.0,17190.0,208.0,25865.0,18737.16331290814
195,2020-08-03,312035.0,2598.0,17405.0,215.0,26240.0,18837.508955269397
196,2020-08-04,314786.0,2751.0,17617.0,212.0,25716.0,18939.440995542795
197,2020-08-05,317483.0,2697.0,17802.0,185.0,26709.0,19042.967865407933
198,2020-08-06,320117.0,2634.0,17976.0,174.0,24390.0,19148.097786193917
199,2020-08-07,322567.0,2450.0,18132.0,156.0,24390.0,19254.83876639895
200,2020-08-08,324692.0,2125.0,18264.0,132.0,24390.0,19363.198599266638
201,2020-08-09,326712.0,2020.0,18427.0,163.0,24533.0,19473.18486041939
202,2020-08-10,328844.0,2132.0,18616.0,189.0,25319.0,19584.804905549256
203,2020-08-11,331189.0,2345.0,18800.0,184.0,24697.0,19698.065868166632
204,2020-08-12,333699.0,2510.0,18988.0,188.0,26711.0,19812.974657407154
205,2020-08-13,336324.0,2625.0,19162.0,174.0,23764.0,19929.537955897023
206,2020-08-14,338825.0,2501.0,19331.0,169.0,23764.0,20047.762217677286
207,2020-08-15,341070.0,2245.0,19492.0,161.0,23764.0,20167.653666187085
208,2020-08-16,343203.0,2133.0,19639.0,147.0,25573.0,20289.218292306454
209,2020-08-17,345450.0,2247.0,19804.0,165.0,26113.0,20412.461852458677
210,2020-08-18,347835.0,2385.0,19972.0,168.0,26111.0,20537.389866772606
211,2020-08-19,350279.0,2444.0,20125.0,153.0,25791.0,20664.007617305168
212,2020-08-20,352558.0,2279.0,20264.0,139.0,23901.0,20792.320146324186
213,2020-08-21,354764.0,2206.0,20376.0,112.0,25401.0,20922.33225465181
214,2020-08-22,356792.0,2028.0,20502.0,126.0,25401.0,21054.048500068737
215,2020-08-23,358905.0,2113.0,20643.0,141.0,25401.0,21187.47319577934
216,2020-08-24,361150.0,2245.0,20776.0,133.0,25711.0,21322.61040893791
217,2020-08-25,363363.0,2213.0,20901.0,125.0,25891.0,21459.463959236167
218,2020-08-26,365606.0,2243.0,21020.0,119.0,25493.0,21598.03741755211
219,2020-08-27,367796.0,2190.0,21137.0,117.0,24976.0,21738.33410466041
220,2020-08-28,369911.0,2115.0,21249.0,112.0,23112.0,21880.35709000434
221,2020-08-29,371816.0,1905.0,21359.0,110.0,23841.0,22024.10919052943
222,2020-08-30,373570.0,1754.0,21462.0,103.0,23841.0,22169.59296957885
223,2020-08-31,375212.0,1642.0,21571.0,109.0,23841.0,22316.810735850653
224,2020-09-01,376894.0,1682.0,21672.0,101.0,25012.0,22465.764542416746
225,2020-09-02,378752.0,1858.0,21797.0,125.0,25839.0,22616.45618580391
226,2020-09-03,380746.0,1994.0,21926.0,129.0,25422.0,22768.887205136612
227,2020-09-04,382772.0,2026.0,22044.0,118.0,25591.0,22923.058881341763
228,2020-09-05,384666.0,1894.0,22154.0,110.0,25591.0,23078.972236415342
229,2020-09-06,386658.0,1992.0,22293.0,139.0,25591.0,23236.62803275091
230,2020-09-07,388810.0,2152.0,22410.0,117.0,25591.0,23396.026772529938
231,2020-09-08,391112.0,2302.0,22542.0,132.0,25591.0,23557.168697173987
232,2020-09-09,393425.0,2313.0,22669.0,127.0,26097.0,23720.05378685845
233,2020-09-10,395488.0,2063.0,22798.0,129.0,24936.0,23884.681760088082
234,2020-09-11,397801.0,2313.0,22913.0,115.0,24936.0,24051.052073334045
235,2020-09-12,399940.0,2139.0,23029.0,116.0,24936.0,24219.163920732295
236,2020-09-13,402029.0,2089.0,23157.0,128.0,26691.0,24389.016233843493
237,2020-09-14,404648.0,2619.0,23313.0,156.0,27283.0,24560.607681473906
238,2020-09-15,407353.0,2705.0,23453.0,140.0,27319.0,24733.936669557574
239,2020-09-16,410334.0,2981.0,23632.0,179.0,27319.0,24909.001341099185
240,2020-09-17,413149.0,2815.0,23808.0,176.0,27319.0,25085.799576177895
241,2020-09-18,416198.0,3049.0,23952.0,144.0,27319.0,25264.32899201158
242,2020-09-19,419043.0,2845.0,24118.0,166.0,27319.0,25444.586943081504
243,2020-09-20,422140.0,3097.0,24301.0,183.0,27319.0,25626.570521317186
244,2020-09-21,425481.0,3341.0,24478.0,177.0,27319.0,25810.276556341236
245,2020-09-22,429193.0,3712.0,24656.0,178.0,27319.0,25995.701615773905
246,2020-09-23,432798.0,3605.0,24840.0,184.0,27711.0,26182.84200559716
247,2020-09-24,436319.0,3521.0,25015.0,175.0,26937.0,26371.69377057802
248,2020-09-25,439882.0,3563.0,25222.0,207.0,26937.0,26562.252694750936
249,2020-09-26,443086.0,3204.0,25394.0,172.0,26937.0,26754.514301958778
250,2020-09-27,446448.0,3362.0,25589.0,195.0,26937.0,26948.473856452456
251,2020-09-28,449960.0,3512.0,25779.0,190.0,26937.0,27144.12636354855
252,2020-09-29,453637.0,3677.0,25986.0,207.0,26937.0,27341.46657034489
253,2020-09-30,457219.0,3582.0,26169.0,183.0,28101.0,27540.48896649364
254,2020-10-01,461044.0,3825.0,26380.0,211.0,92186.0,27741.187785031623
255,2020-10-02,464596.0,3552.0,26567.0,187.0,92186.0,27943.557003267546
256,2020-10-03,468119.0,3523.0,26746.0,179.0,92186.0,28147.590343725657
257,2020-10-04,471772.0,3653.0,26957.0,211.0,92186.0,28353.281275145928
258,2020-10-05,475674.0,3902.0,27192.0,235.0,92186.0,28560.623013539596
259,2020-10-06,479825.0,4151.0,27419.0,227.0,92186.0,28769.60852330047
260,2020-10-07,483844.0,4019.0,27658.0,239.0,92186.0,28980.230518371318
261,2020-10-08,488236.0,4392.0,27888.0,230.0,28317.0,29192.481463464672
262,2020-10-09,492378.0,4142.0,28098.0,210.0,28317.0,29406.353575338242
263,2020-10-10,496253.0,3875.0,28293.0,195.0,28317.0,29621.838824123803
264,2020-10-11,500075.0,3822.0,28544.0,251.0,28317.0,29838.928934710006
265,2020-10-12,504281.0,4206.0,28816.0,272.0,28317.0,30057.615388177634
266,2020-10-13,508389.0,4108.0,29070.0,254.0,28791.0,30277.889423287867
267,2020-10-14,513219.0,4830.0,29349.0,279.0,29101.0,30499.742038022352
268,2020-10-15,517835.0,4616.0,29605.0,256.0,28056.0,30723.163991175174
269,2020-10-16,522387.0,4552.0,29870.0,265.0,29301.0,30948.145803995845
270,2020-10-17,526490.0,4103.0,30123.0,253.0,29301.0,31174.67776188296
271,2020-10-18,530380.0,3890.0,30375.0,252.0,29301.0,31402.74991612826
272,2020-10-19,534631.0,4251.0,30712.0,337.0,29301.0,31632.35208571016
273,2020-10-20,539670.0,5039.0,31034.0,322.0,29788.0,31863.473859136797
274,2020-10-21,545286.0,5616.0,31346.0,312.0,29311.0,32096.104596337544
275,2020-10-22,550757.0,5471.0,31650.0,304.0,29312.0,32330.233430602755
276,2020-10-23,556891.0,6134.0,31985.0,335.0,29861.0,32565.84927057138
277,2020-10-24,562705.0,5814.0,32320.0,335.0,67172.0,32802.94080226533
278,2020-10-25,568896.0,6191.0,32616.0,296.0,67172.0,33041.496491170794
279,2020-10-26,574856.0,5960.0,32953.0,337.0,67172.0,33281.504584365364
280,2020-10-27,581824.0,6968.0,33299.0,346.0,67172.0,33522.953112690695
281,2020-10-28,588648.0,6824.0,33714.0,415.0,34912.0,33765.829892970185
282,2020-10-29,596941.0,8293.0,34113.0,399.0,71613.0,34010.122530270695
283,2020-10-30,604952.0,8011.0,34478.0,365.0,71613.0,34255.81842020844
284,2020-10-31,612772.0,7820.0,34864.0,386.0,71613.0,34502.9047512976
285,2020-11-01,620491.0,7719.0,35298.0,434.0,36321.0,34751.368507341904
286,2020-11-02,628780.0,8289.0,35738.0,440.0,71612.0,35001.196469867755
287,2020-11-03,637712.0,8932.0,36160.0,422.0,71612.0,35252.37522059936
288,2020-11-04,646164.0,8452.0,36579.0,419.0,71612.0,35504.89114397383
289,2020-11-05,654936.0,8772.0,36985.0,406.0,37718.0,35758.73042969684
290,2020-11-06,663800.0,8864.0,37409.0,424.0,38891.0,36013.87907533797
291,2020-11-07,673250.0,9450.0,37832.0,423.0,38891.0,36270.322888964285
292,2020-11-08,682486.0,9236.0,38291.0,459.0,38891.0,36528.04749181295
293,2020-11-09,692949.0,10463.0,38749.0,458.0,38921.0,36787.03832100036
294,2020-11-10,703288.0,10339.0,39202.0,453.0,39027.0,37047.28063226948
295,2020-11-11,715068.0,11780.0,39664.0,462.0,40897.0,37308.75950277233
296,2020-11-12,726585.0,11517.0,40121.0,457.0,40897.0,37571.459833888686
297,2020-11-13,738322.0,11737.0,40582.0,461.0,40897.0,37835.366354079146
298,2020-11-14,749525.0,11203.0,41034.0,452.0,40897.0,38100.46362177358
299,2020-11-15,762068.0,12543.0,41493.0,459.0,40897.0,38366.73602829148
300,2020-11-16,775121.0,13053.0,41979.0,486.0,40356.0,38634.167800796815
301,2020-11-17,788473.0,13352.0,42461.0,482.0,40697.0,38902.74300528394
302,2020-11-18,801894.0,13421.0,42941.0,480.0,40490.0,39172.44554959545
303,2020-11-19,815117.0,13223.0,43417.0,476.0,40907.0,39443.259186471085
304,2020-11-20,828377.0,13260.0,43896.0,479.0,42791.0,39715.16751662579
305,2020-11-21,841308.0,12931.0,44327.0,431.0,42791.0,39988.153991858446
306,2020-11-22,854361.0,13053.0,44802.0,475.0,42791.0,40262.201918188104
307,2020-11-23,866821.0,12460.0,45255.0,453.0,42791.0,40537.29445901887
308,2020-11-24,880542.0,13721.0,45738.0,483.0,42791.0,40813.414638331495
309,2020-11-25,894385.0,13843.0,46207.0,469.0,42131.0,41090.54534390194
310,2020-11-26,908346.0,13961.0,46689.0,482.0,42495.0,41368.66933054518
311,2020-11-27,922397.0,14051.0,47095.0,406.0,43289.0,41647.769223384545
312,2020-11-28,935799.0,13402.0,47486.0,391.0,43289.0,41927.82752114473
313,2020-11-29,948749.0,12950.0,47874.0,388.0,43289.0,42208.82659946882
314,2020-11-30,962070.0,13321.0,48246.0,372.0,43289.0,42490.74871425803
315,2020-12-01,975951.0,13881.0,48628.0,382.0,43289.0,42773.57600503291
316,2020-12-02,989572.0,13621.0,48990.0,362.0,44190.0,43057.2904983166
317,2020-12-03,1003494.0,13922.0,49348.0,358.0,44190.0,43341.87411103799
318,2020-12-04,1016835.0,13341.0,49695.0,347.0,44190.0,43627.30865395497
319,2020-12-05,1028986.0,12151.0,50016.0,321.0,44190.0,43913.57583509649
320,2020-12-06,1040547.0,11561.0,50310.0,294.0,44391.0,44200.65726322263
321,2020-12-07,1051374.0,10827.0,50594.0,284.0,45209.0,44488.53445130243
322,2020-12-08,1062397.0,11023.0,50917.0,323.0,45333.0,44777.18882000846
323,2020-12-09,1072620.0,10223.0,51212.0,295.0,45333.0,45066.60170122671
324,2020-12-10,1083023.0,10403.0,51496.0,284.0,45333.0,45356.75434158218
325,2020-12-11,1092407.0,9384.0,51727.0,231.0,51109.0,45647.62790597795
326,2020-12-12,1100818.0,8411.0,51949.0,222.0,51109.0,45939.20348114938
327,2020-12-13,1108269.0,7451.0,52196.0,247.0,51109.0,46231.4620792287
328,2020-12-14,1115770.0,7501.0,52447.0,251.0,51109.0,46524.38464132415
329,2020-12-15,1123474.0,7704.0,52670.0,223.0,51109.0,46817.95204110781
330,2020-12-16,1131077.0,7603.0,52883.0,213.0,51109.0,47112.145088415884
331,2020-12-17,1138530.0,7453.0,53095.0,212.0,51109.0,47406.944532856745
332,2020-12-18,1145651.0,7121.0,53273.0,178.0,51109.0,47702.33106742947
333,2020-12-19,1152072.0,6421.0,53448.0,175.0,51109.0,47998.28533214895
334,2020-12-20,1158384.0,6312.0,53625.0,177.0,51109.0,48294.787917678936
335,2020-12-21,1164535.0,6151.0,53816.0,191.0,51109.0,48591.81936897115
336,2020-12-22,1170743.0,6208.0,54003.0,187.0,53412.0,48889.36018890981
337,2020-12-23,1177004.0,6261.0,54156.0,153.0,53412.0,49187.39084196188
338,2020-12-24,1183182.0,6178.0,54308.0,152.0,53412.0,49485.891757829995
339,2020-12-25,1189203.0,6021.0,54440.0,132.0,53412.0,49784.843335108766
340,2020-12-26,1194963.0,5760.0,54574.0,134.0,53412.0,50084.22594494487
341,2020-12-27,1200465.0,5502.0,54693.0,119.0,53412.0,50384.019934696444
342,2020-12-28,1206373.0,5908.0,54814.0,121.0,53412.0,50684.205631594894
343,2020-12-29,1212481.0,6108.0,54946.0,132.0,53412.0,50984.763346406144
344,2020-12-30,1218753.0,6272.0,55095.0,149.0,53412.0,51285.673377090636
345,2020-12-31,1225142.0,6389.0,55223.0,128.0,53721.0,51586.916012462236
346,2021-01-01,1231429.0,6287.0,55337.0,114.0,49601.0,51888.471535844095
347,2021-01-02,1237474.0,6045.0,55438.0,101.0,54217.0,52190.32022872136
348,2021-01-03,1243434.0,5960.0,55540.0,102.0,54217.0,52492.44237439034
349,2021-01-04,1249507.0,6073.0,55650.0,110.0,54217.0,52794.81826160201
350,2021-01-05,1255620.0,6113.0,55748.0,98.0,54217.0,53097.42818819961
351,2021-01-06,1261903.0,6283.0,55830.0,82.0,54217.0,53400.25246475089
352,2021-01-07,1268263.0,6360.0,55933.0,103.0,53869.0,53703.27141817149
353,2021-01-08,1274514.0,6251.0,56018.0,85.0,54191.0,54006.46539534178
354,2021-01-09,1280438.0,5924.0,56100.0,82.0,54191.0,54309.81476671289
355,2021-01-10,1286406.0,5968.0,56171.0,71.0,54191.0,54613.299929904846
356,2021-01-11,1292614.0,6208.0,56262.0,91.0,54191.0,54916.90131329273
357,2021-01-12,1299022.0,6408.0,56360.0,98.0,54191.0,55220.599379582425
358,2021-01-13,1305339.0,6317.0,56457.0,97.0,52819.0,55524.37462937357
359,2021-01-14,1311810.0,6471.0,56538.0,81.0,52819.0,55828.20760470932
360,2021-01-15,1318295.0,6485.0,56621.0,83.0,52819.0,56132.078892614016
361,2021-01-16,1324395.0,6100.0,56717.0,96.0,52819.0,56435.969128613935
362,2021-01-17,1330411.0,6016.0,56803.0,86.0,52819.0,56739.85900024413
363,2021-01-18,1336217.0,5806.0,56886.0,83.0,52819.0,57043.72925053926
364,2021-01-19,1342134.0,5917.0,56973.0,87.0,54427.0,57347.56068150626
365,2021-01-20,1348316.0,6182.0,57057.0,84.0,54179.0,57651.33415758117
366,2021-01-21,1354520.0,6204.0,57150.0,93.0,55219.0,57955.03060906496
367,2021-01-22,1360852.0,6332.0,57225.0,75.0,52913.0,58258.63103554329
368,2021-01-23,1367032.0,6180.0,57294.0,69.0,53417.0,58562.1165092825
369,2021-01-24,1372977.0,5945.0,57383.0,89.0,54812.0,58865.468178608055
370,2021-01-25,1379286.0,6309.0,57481.0,98.0,55093.0,59168.667271259015
371,2021-01-26,1385706.0,6420.0,57560.0,79.0,55190.0,59471.69509772177
372,2021-01-27,1392314.0,6608.0,57651.0,91.0,54971.0,59774.5330545393
373,2021-01-28,1398841.0,6527.0,57736.0,85.0,54971.0,60077.16262759767
374,2021-01-29,1405414.0,6573.0,57807.0,71.0,54971.0,60379.56539538614
375,2021-01-30,1411731.0,6317.0,57889.0,82.0,54971.0,60681.72303223509
376,2021-01-31,1417999.0,6268.0,57959.0,70.0,54971.0,60983.617311521964
377,2021-02-01,1424596.0,6597.0,58038.0,79.0,54971.0,61285.230108857715
378,2021-02-02,1431416.0,6820.0,58110.0,72.0,54708.0,61586.54340523971
379,2021-02-03,1438286.0,6870.0,58189.0,79.0,54691.0,61887.53929017706
380,2021-02-04,1445326.0,7040.0,58256.0,67.0,55272.0,62188.19996479026
381,2021-02-05,1452380.0,7054.0,58336.0,80.0,56209.0,62488.50774487618
382,2021-02-06,1459370.0,6990.0,58412.0,76.0,56209.0,62788.44506394625
383,2021-02-07,1466435.0,7065.0,58469.0,57.0,56209.0,63087.99447623056
384,2021-02-08,1473756.0,7321.0,58536.0,67.0,56209.0,63387.13865965058
385,2021-02-09,1481396.0,7640.0,58625.0,89.0,56209.0,63685.86041876075
386,2021-02-10,1488981.0,7585.0,58686.0,61.0,56209.0,63984.142687653024
387,2021-02-11,1496455.0,7474.0,58751.0,65.0,56209.0,64281.96853283086
388,2021-02-12,1503753.0,7298.0,58809.0,58.0,56209.0,64579.32115604485
389,2021-02-13,1510873.0,7120.0,58883.0,74.0,56209.0,64876.183897096176
390,2021-02-14,1518263.0,7390.0,58945.0,62.0,56209.0,65172.540236599605
391,2021-02-15,1526023.0,7760.0,59028.0,83.0,56209.0,65468.373798713124
392,2021-02-16,1534034.0,8011.0,59117.0,89.0,68420.0,65763.668353827
393,2021-02-17,1542076.0,8042.0,59184.0,67.0,68420.0,66058.40782121656
394,2021-02-18,1550142.0,8066.0,59264.0,80.0,68420.0,66352.57627165495
395,2021-02-19,1558159.0,8017.0,59341.0,77.0,68420.0,66646.15792998375
396,2021-02-20,1566081.0,7922.0,59409.0,68.0,68420.0,66939.13717764925
397,2021-02-21,1574012.0,7931.0,59483.0,74.0,68420.0,67231.4985551894
398,2021-02-22,1582275.0,8263.0,59572.0,89.0,68420.0,67523.22676468547
399,2021-02-23,1590605.0,8330.0,59663.0,91.0,68420.0,67814.30667217018
400,2021-02-24,1598875.0,8270.0,59736.0,73.0,68420.0,68104.72330998752
401,2021-02-25,1607081.0,8206.0,59830.0,94.0,68420.0,68394.46187911829
402,2021-02-26,1615184.0,8103.0,59899.0,69.0,68420.0,68683.50775145093
403,2021-02-27,1623159.0,7975.0,59980.0,81.0,68420.0,68971.84647201502
404,2021-02-28,1631169.0,8010.0,60073.0,93.0,68420.0,69259.4637611665
405,2021-03-01,1639679.0,8510.0,60181.0,108.0,68420.0,69546.34551672603
406,2021-03-02,1648174.0,8495.0,60267.0,86.0,68420.0,69832.4778160702
407,2021-03-03,1656699.0,8525.0,60353.0,86.0,68420.0,70117.84691817925
408,2021-03-04,1665103.0,8404.0,60431.0,78.0,68420.0,70402.43926563015
409,2021-03-05,1673470.0,8367.0,60512.0,81.0,68420.0,70686.24148654885
410,2021-03-06,1681682.0,8212.0,60594.0,82.0,68420.0,70969.24039650545
411,2021-03-07,1689692.0,8010.0,60687.0,93.0,68420.0,71251.42300036649
412,2021-03-08,1698005.0,8313.0,60786.0,99.0,68420.0,71532.77649409306
413,2021-03-09,1706559.0,8554.0,60867.0,81.0,68420.0,71813.28826648841
414,2021-03-10,1715162.0,8603.0,60928.0,61.0,68420.0,72092.94590089627
415,2021-03-11,1723470.0,8308.0,61016.0,88.0,68420.0,72371.73717684438
416,2021-03-12,1731558.0,8088.0,61069.0,53.0,68420.0,72649.65007163846
417,2021-03-13,1739360.0,7802.0,61142.0,73.0,68420.0,72926.67276190035
418,2021-03-14,1746953.0,7593.0,61230.0,88.0,68420.0,73202.79362505529
419,2021-03-15,1754933.0,7980.0,61330.0,100.0,68420.0,73478.0012407644
420,2021-03-16,1763313.0,8380.0,61427.0,97.0,68420.0,73752.28439229948
421,2021-03-17,1771115.0,7802.0,61492.0,65.0,68420.0,74025.63206786988
422,2021-03-18,1778645.0,7530.0,61581.0,89.0,68420.0,74298.03346188745
423,2021-03-19,1786265.0,7620.0,61649.0,68.0,68420.0,74569.47797617642
424,2021-03-20,1793805.0,7540.0,61724.0,75.0,68420.0,74839.95522113267
425,2021-03-21,1801065.0,7260.0,61797.0,73.0,68420.0,75109.45501681755
426,2021-03-22,1808422.0,7357.0,61877.0,80.0,68420.0,75377.96739400172
427,2021-03-23,1815712.0,7290.0,61951.0,74.0,68420.0,75645.48259514582
428,2021-03-24,1823317.0,7605.0,62045.0,94.0,68420.0,75911.99107532948
429,2021-03-25,1830823.0,7506.0,62142.0,97.0,68420.0,76177.48350311146
430,2021-03-26,1838803.0,7980.0,62223.0,81.0,68420.0,76441.95076134475
431,2021-03-27,1846923.0,8120.0,62308.0,85.0,68420.0,76705.3839479186
432,2021-03-28,1855674.0,8751.0,62397.0,89.0,68420.0,76967.77437645168
433,2021-03-29,1864984.0,9310.0,62478.0,81.0,64548.0,77229.11357691622
434,2021-03-30,1875234.0,10250.0,62569.0,91.0,68429.0,77489.3932962091
435,2021-03-31,1885564.0,10330.0,62665.0,96.0,70450.0,77748.60549865785
436,2021-04-01,1897314.0,11750.0,62759.0,94.0,71470.0,78006.74236646638
437,2021-04-02,1908974.0,11660.0,62876.0,117.0,70461.0,78263.79630009859
438,2021-04-03,1920394.0,11420.0,62999.0,123.0,74931.0,78519.75991860445
439,2021-04-04,1932074.0,11680.0,63160.0,161.0,72409.0,78774.62605987448
440,2021-04-05,1945964.0,13890.0,63332.0,172.0,72591.0,79028.38778084348
441,2021-04-06,1963394.0,17430.0,63506.0,174.0,121490.0,79281.03835762321
442,2021-04-07,1984348.0,20954.0,63699.0,193.0,121490.0,79532.57128557324
443,2021-04-08,2006934.0,22586.0,63884.0,185.0,121490.0,79782.98027931148
444,2021-04-09,2029412.0,22478.0,64039.0,155.0,121490.0,80032.25927266042
445,2021-04-10,2049078.0,19666.0,64232.0,193.0,121490.0,80280.40241852571
446,2021-04-11,2070141.0,21063.0,64490.0,258.0,121490.0,80527.40408871631
447,2021-04-12,2093452.0,23311.0,64764.0,274.0,121490.0,80773.25887369522
448,2021-04-13,2118212.0,24760.0,65055.0,291.0,121490.0,81017.96158227284
449,2021-04-14,2143794.0,25582.0,65359.0,304.0,121490.0,81261.5072412226
450,2021-04-15,2168872.0,25078.0,65680.0,321.0,121490.0,81503.89109484869
451,2021-04-16,2194133.0,25261.0,66008.0,328.0,121490.0,81745.10860447382
452,2021-04-17,2215445.0,21312.0,66327.0,319.0,121490.0,81985.15544787218
453,2021-04-18,2237089.0,21644.0,66732.0,405.0,121490.0,82224.0275186302
454,2021-04-19,2261435.0,24346.0,67130.0,398.0,121490.0,82461.72092544514
455,2021-04-20,2286927.0,25492.0,67525.0,395.0,121490.0,82698.23199135967
456,2021-04-21,2311813.0,24886.0,67913.0,388.0,121490.0,82933.55725292064
457,2021-04-22,2335905.0,24092.0,68366.0,453.0,121490.0,83167.69345929119
458,2021-04-23,2358809.0,22904.0,68746.0,380.0,121490.0,83400.63757127366
459,2021-04-24,2377039.0,18230.0,69120.0,374.0,121490.0,83632.3867602881
460,2021-04-25,2396204.0,19165.0,69574.0,454.0,121490.0,83862.93840726552
461,2021-04-26,2417230.0,21026.0,70070.0,496.0,121490.0,84092.29010149132
462,2021-04-27,2438193.0,20963.0,70532.0,462.0,121490.0,84320.439639372
463,2021-04-28,2459906.0,21713.0,70966.0,434.0,123901.0,84547.3850231375
464,2021-04-29,2479805.0,19899.0,71351.0,385.0,123901.0,84773.12445948267
465,2021-04-30,2499077.0,19272.0,71758.0,407.0,123901.0,84997.65635813546
466,2021-05-01,2516157.0,17080.0,72090.0,332.0,123901.0,85220.979330362
467,2021-05-02,2534855.0,18698.0,72484.0,394.0,123901.0,85443.0921874048
468,2021-05-03,2555587.0,20732.0,72875.0,391.0,123901.0,85663.99393885903
469,2021-05-04,2575737.0,20150.0,73219.0,344.0,123901.0,85883.68379097473
470,2021-05-05,2591609.0,15872.0,73568.0,349.0,123901.0,86102.16114489961
471,2021-05-06,2610018.0,18409.0,73906.0,338.0,123901.0,86319.42559485178
472,2021-05-07,2627094.0,17076.0,74241.0,335.0,123901.0,86535.47692622984
473,2021-05-08,2640670.0,13576.0,74524.0,283.0,123901.0,86750.31511365267
474,2021-05-09,2654811.0,14141.0,74910.0,386.0,123901.0,86963.94031894201
475,2021-05-10,2673219.0,18408.0,75261.0,351.0,123901.0,87176.35288902879
476,2021-05-11,2691352.0,18133.0,75568.0,307.0,123901.0,87387.55335380504
477,2021-05-12,2707761.0,16409.0,75934.0,366.0,123901.0,87597.5424238969
478,2021-05-13,2722007.0,14246.0,76231.0,297.0,123901.0,87806.32098838751
479,2021-05-14,2732152.0,10145.0,76433.0,202.0,123901.0,88013.89011246845
480,2021-05-15,2739875.0,7723.0,76633.0,200.0,123901.0,88220.25103502086
481,2021-05-16,2751166.0,11291.0,76936.0,303.0,123901.0,88425.40516614396
482,2021-05-17,2765485.0,14319.0,77222.0,286.0,123901.0,88629.35408461158
483,2021-05-18,2779415.0,13930.0,77532.0,310.0,123901.0,88832.09953526611
484,2021-05-19,2792204.0,12789.0,77765.0,233.0,123901.0,89033.64342634886
485,2021-05-20,2804632.0,12428.0,77994.0,229.0,123901.0,89233.98782677011
486,2021-05-21,2815882.0,11250.0,78194.0,200.0,123901.0,89433.13496331213
487,2021-05-22,2823887.0,8005.0,78381.0,187.0,123901.0,89631.08721777465
488,2021-05-23,2832518.0,8631.0,78597.0,216.0,123901.0,89827.84712404892
489,2021-05-24,2843523.0,11005.0,78848.0,251.0,123901.0,90023.41736514255
490,2021-05-25,2855396.0,11873.0,79056.0,208.0,123901.0,90217.80077013205
491,2021-05-26,2865864.0,10468.0,79219.0,163.0,123901.0,90411.00031105889
492,2021-05-27,2875858.0,9994.0,79384.0,165.0,123901.0,90603.01909976656
493,2021-05-28,2886111.0,10253.0,79568.0,184.0,123901.0,90793.86038467189
494,2021-05-29,2893218.0,7107.0,79741.0,173.0,123901.0,90983.52754748211
495,2021-05-30,2902094.0,8876.0,79939.0,198.0,123901.0,91172.02409984794
496,2021-05-31,2913136.0,11042.0,80156.0,217.0,123901.0,91359.35367996054
497,2021-06-01,2923823.0,10687.0,80327.0,171.0,123901.0,91545.5200490944
498,2021-06-02,2935443.0,11620.0,80488.0,161.0,123901.0,91730.52708807698
499,2021-06-03,2945100.0,9657.0,80658.0,170.0,123901.0,91914.3787937222
500,2021-06-04,2954309.0,9209.0,80813.0,155.0,123901.0,92097.07927518425
501,2021-06-05,2960751.0,6442.0,80941.0,128.0,123901.0,92278.63275028154
502,2021-06-06,2966363.0,5612.0,81063.0,122.0,123901.0,92459.04354174266
503,2021-06-07,2971270.0,4907.0,81183.0,120.0,123901.0,92638.31607339525
504,2021-06-08,2980116.0,8846.0,81362.0,179.0,123901.0,92816.45486633218
505,2021-06-09,2990714.0,10598.0,81519.0,157.0,123901.0,92993.46453498368
506,2021-06-10,3003112.0,12398.0,81672.0,153.0,123901.0,93169.34978316067
507,2021-06-11,3013078.0,9966.0,81796.0,124.0,123901.0,93344.11540004
508,2021-06-12,3020522.0,7444.0,81911.0,115.0,123901.0,93517.76625610067
509,2021-06-13,3028717.0,8195.0,82098.0,187.0,123901.0,93690.3072989934
510,2021-06-14,3039432.0,10715.0,82217.0,119.0,123901.0,93861.74354938784
511,2021-06-15,3049648.0,10216.0,82351.0,134.0,123901.0,94032.08009673789
512,2021-06-16,3060135.0,10487.0,82480.0,129.0,123901.0,94201.32209503319
513,2021-06-17,3070426.0,10291.0,82619.0,139.0,76729.0,94369.47475846851
514,2021-06-18,3080526.0,10100.0,82746.0,127.0,76729.0,94536.5433570784
515,2021-06-19,3086974.0,6448.0,82854.0,108.0,76729.0,94702.5332123483
516,2021-06-20,3095135.0,8161.0,82965.0,111.0,76729.0,94867.44969274051
517,2021-06-21,3105620.0,10485.0,83101.0,136.0,76729.0,95031.29820920102
518,2021-06-22,3117336.0,11716.0,83217.0,116.0,76729.0,95194.0842106216
519,2021-06-23,3128395.0,11059.0,83329.0,112.0,76729.0,95355.81317923957
520,2021-06-24,3140129.0,11734.0,83473.0,144.0,76729.0,95516.49062602915
521,2021-06-25,3150949.0,10820.0,83588.0,115.0,76729.0,95676.12208600756
522,2021-06-26,3157983.0,7034.0,83711.0,123.0,76729.0,95834.71311355144
523,2021-06-27,3167741.0,9758.0,83845.0,134.0,76729.0,95992.26927762473
524,2021-06-28,3180092.0,12351.0,83985.0,140.0,76729.0,96148.79615700705
525,2021-06-29,3192809.0,12717.0,84127.0,142.0,76729.0,96304.29933546617
526,2021-06-30,3204557.0,11748.0,84264.0,137.0,76729.0,96458.78439689142
527,2021-07-01,3218860.0,14303.0,84389.0,125.0,76729.0,96612.25692040235
528,2021-07-02,3232696.0,13836.0,84516.0,127.0,76729.0,96764.72247542109
529,2021-07-03,3241037.0,8341.0,84627.0,111.0,76729.0,96916.18661670847
530,2021-07-04,3254818.0,13781.0,84792.0,165.0,76729.0,97066.65487937111
531,2021-07-05,3270843.0,16025.0,84949.0,157.0,76729.0,97216.13277383283
532,2021-07-06,3286923.0,16080.0,85095.0,146.0,76729.0,97364.625780784
533,2021-07-07,3304135.0,17212.0,85261.0,166.0,68852.0,97512.1393461022
534,2021-07-08,3327526.0,23391.0,85397.0,136.0,68852.0,97658.67887573544
535,2021-07-09,3344122.0,16596.0,85543.0,146.0,68852.0,97804.24973057344
536,2021-07-10,3355786.0,11664.0,85694.0,151.0,68852.0,97948.85722128389
537,2021-07-11,3373450.0,17664.0,85859.0,165.0,68852.0,98092.50660313288
538,2021-07-12,3394279.0,20829.0,86041.0,182.0,68852.0,98235.20307077368
539,2021-07-13,3417029.0,22750.0,86207.0,166.0,68852.0,98376.9517530342
540,2021-07-14,3440400.0,23371.0,86391.0,184.0,68852.0,98517.75770765677
541,2021-07-15,3464055.0,23655.0,86592.0,201.0,68852.0,98657.62591604464
542,2021-07-16,3485940.0,21885.0,86791.0,199.0,68852.0,98796.56127798319
543,2021-07-17,3501079.0,15139.0,86966.0,175.0,68852.0,98934.56860633887
544,2021-07-18,3523263.0,22184.0,87161.0,195.0,68852.0,99071.65262175252
545,2021-07-19,3548704.0,25441.0,87374.0,213.0,68852.0,99207.81794732757
546,2021-07-20,3576148.0,27444.0,87624.0,250.0,68852.0,99343.06910329493
547,2021-07-21,3603527.0,27379.0,87837.0,213.0,68852.0,99477.41050165187
548,2021-07-22,3623840.0,20313.0,88063.0,226.0,68852.0,99610.84644085396
549,2021-07-23,3645654.0,21814.0,88273.0,210.0,68852.0,99743.38110042264
550,2021-07-24,3664286.0,18632.0,88532.0,259.0,68852.0,99875.0185356093
551,2021-07-25,3691432.0,27146.0,88800.0,268.0,68852.0,100005.76267202193
552,2021-07-26,3723246.0,31814.0,89122.0,322.0,68852.0,100135.61730026308
553,2021-07-27,3758197.0,34951.0,89479.0,357.0,68852.0,100264.58607057476
554,2021-07-28,3792014.0,33817.0,89782.0,303.0,68852.0,100392.67248746095
555,2021-07-29,3826447.0,34433.0,90074.0,292.0,68852.0,100519.87990434462
556,2021-07-30,3851162.0,24715.0,90344.0,270.0,68852.0,100646.21151820564
557,2021-07-31,3871008.0,19846.0,90630.0,286.0,68852.0,100771.67036424106
558,2021-08-01,3903519.0,32511.0,90996.0,366.0,68852.0,100896.25931051833
559,2021-08-02,3940708.0,37189.0,91407.0,411.0,68852.0,101019.98105266126
560,2021-08-03,3979727.0,39019.0,91785.0,378.0,68852.0,101142.83810852742
561,2021-08-04,4019084.0,39357.0,92194.0,409.0,68852.0,101264.83281291177
562,2021-08-05,4057758.0,38674.0,92628.0,434.0,68852.0,101385.96731225675
563,2021-08-06,4092671.0,34913.0,93086.0,458.0,68852.0,101506.24355939677
564,2021-08-07,4119110.0,26439.0,93473.0,387.0,93846.0,101625.66330829443
565,2021-08-08,4158729.0,39619.0,94015.0,542.0,99847.0,101744.22810884094
566,2021-08-09,4199537.0,40808.0,94603.0,588.0,99847.0,101861.93930163042
567,2021-08-10,4238676.0,39139.0,95111.0,508.0,99847.0,101978.79801279953
568,2021-08-11,4281217.0,42541.0,95647.0,536.0,99847.0,102094.80514887249
569,2021-08-12,4320266.0,39049.0,96215.0,568.0,99847.0,102209.96139165288
570,2021-08-13,4359385.0,39119.0,96742.0,527.0,94633.0,102324.26719313016
571,2021-08-14,4389085.0,29700.0,97208.0,466.0,93631.0,102437.72277041798
572,2021-08-15,4425821.0,36736.0,97828.0,620.0,104419.0,102550.32810076134
573,2021-08-16,4467015.0,41194.0,98483.0,655.0,104419.0,102662.08291654097
574,2021-08-17,4517243.0,50228.0,99108.0,625.0,104419.0,102772.98670033173
575,2021-08-18,4556417.0,39174.0,99691.0,583.0,104419.0,102883.03868003836
576,2021-08-19,4587683.0,31266.0,100255.0,564.0,94557.0,102992.23782399943
577,2021-08-20,4616516.0,28833.0,100810.0,555.0,86429.0,103100.58283621812
578,2021-08-21,4640695.0,24179.0,101354.0,544.0,118638.0,103208.07215159287
579,2021-08-22,4677114.0,36419.0,102038.0,684.0,118638.0,103314.7039312105
580,2021-08-23,4715771.0,38657.0,102648.0,610.0,118638.0,103420.47605771659
581,2021-08-24,4756394.0,40623.0,103357.0,709.0,118638.0,103525.38613070728
582,2021-08-25,4796377.0,39983.0,104022.0,665.0,119642.0,103629.4314621826
583,2021-08-26,4833135.0,36758.0,104716.0,694.0,116841.0,103732.60907210218
584,2021-08-27,4869414.0,36279.0,105287.0,571.0,108091.0,103834.91568395955
585,2021-08-28,4895448.0,26034.0,105901.0,614.0,113604.0,103936.34772041993
586,2021-08-29,4926964.0,31516.0,106482.0,581.0,113604.0,104036.90129908355
587,2021-08-30,4960744.0,33780.0,107151.0,669.0,113604.0,104136.57222824724
588,2021-08-31,4992063.0,31319.0,107794.0,643.0,113604.0,104235.35600277776
589,2021-09-01,5025233.0,33170.0,108393.0,599.0,113604.0,104333.2478000698
590,2021-09-02,5055512.0,30279.0,108988.0,595.0,113279.0,104430.24247605813
591,2021-09-03,5083133.0,27621.0,109549.0,561.0,108339.0,104526.33456131344
592,2021-09-04,5103537.0,20404.0,110064.0,515.0,107665.0,104621.5182572435
593,2021-09-05,5129407.0,25870.0,110674.0,610.0,116750.0,104715.78743236599
594,2021-09-06,5156986.0,27579.0,111257.0,583.0,116542.0,104809.13561865682
595,2021-09-07,5184124.0,27138.0,111892.0,635.0,109016.0,104901.5560080185
596,2021-09-08,5210978.0,26854.0,112430.0,538.0,113682.0,104993.04144882312
597,2021-09-09,5237799.0,26821.0,112935.0,505.0,112549.0,105083.58444255491
598,2021-09-10,5258913.0,21114.0,113380.0,445.0,113267.0,105173.17714057391
599,2021-09-11,5275567.0,16654.0,113824.0,444.0,109413.0,105261.81134093174
600,2021-09-12,5295786.0,20219.0,114311.0,487.0,109413.0,105349.4784853849
601,2021-09-13,5318327.0,22541.0,114759.0,448.0,109413.0,105436.16965638654
602,2021-09-14,5340656.0,22329.0,115167.0,408.0,108312.0,105521.87557432422
603,2021-09-15,5360387.0,19731.0,115619.0,452.0,112096.0,105606.5865947855
604,2021-09-16,5378408.0,18021.0,116072.0,453.0,115179.0,105690.29270595679
605,2021-09-17,5396013.0,17605.0,116436.0,364.0,109422.0,105772.9835261702
606,2021-09-18,5408860.0,12847.0,116791.0,355.0,110765.0,105854.64830156782
607,2021-09-19,5424835.0,15975.0,117182.0,391.0,114031.0,105935.27590383583
608,2021-09-20,5442232.0,17397.0,117526.0,344.0,106795.0,106014.85482818627
609,2021-09-21,5459796.0,17564.0,117905.0,379.0,109119.0,106093.37319131749
610,2021-09-22,5477229.0,17433.0,118191.0,286.0,108213.0,106170.8187296688
611,2021-09-23,5493591.0,16362.0,118508.0,317.0,106327.0,106247.17879771249
612,2021-09-24,5508885.0,15294.0,118792.0,284.0,107749.0,106322.44036637427
613,2021-09-25,5519728.0,10843.0,119082.0,290.0,111829.0,106396.59002172755
614,2021-09-26,5533520.0,13792.0,119360.0,278.0,111829.0,106469.61396368215
615,2021-09-27,5547990.0,14470.0,119649.0,289.0,111829.0,106541.49800490396
616,2021-09-28,5559691.0,11701.0,119888.0,239.0,107917.0,106612.22756992647
617,2021-09-29,5572962.0,13271.0,120160.0,272.0,110390.0,106681.78769432561
618,2021-09-30,5587040.0,14078.0,120428.0,268.0,109306.0,106750.16302414046
619,2021-10-01,5601565.0,14525.0,120663.0,235.0,104369.0,106817.33781539829
620,2021-10-02,5611700.0,10135.0,120880.0,217.0,104369.0,106883.29593388358
621,2021-10-03,5624128.0,12428.0,121109.0,229.0,104369.0,106948.02085498528
622,2021-10-04,5638735.0,14607.0,121347.0,238.0,104369.0,107011.49566381978
623,2021-10-05,5651961.0,13226.0,121563.0,216.0,104369.0,107073.70305546554
624,2021-10-06,5662458.0,10497.0,121779.0,216.0,106347.0,107134.62533537851
625,2021-10-07,5674083.0,11625.0,122012.0,233.0,101892.0,107194.24442006456
626,2021-10-08,5683980.0,9897.0,122197.0,185.0,101892.0,107252.5418378766
627,2021-10-09,5691634.0,7654.0,122370.0,173.0,101892.0,107309.49873001868
628,2021-10-10,5702890.0,11256.0,122592.0,222.0,101892.0,107365.09585176775
629,2021-10-11,5716394.0,13504.0,122868.0,276.0,104213.0,107419.31357390614
630,2021-10-12,5729785.0,13391.0,123081.0,213.0,103217.0,107472.13188431034
631,2021-10-13,5742083.0,12298.0,123275.0,194.0,109513.0,107523.53038980247
632,2021-10-14,5754047.0,11964.0,123498.0,223.0,110914.0,107573.48831818806
633,2021-10-15,5765904.0,11857.0,123695.0,197.0,108693.0,107621.98452054331
634,2021-10-16,5773419.0,7515.0,123876.0,181.0,108693.0,107668.9974736608
635,2021-10-17,5784815.0,11396.0,124075.0,199.0,108693.0,107714.50528277637
636,2021-10-18,5796659.0,11844.0,124256.0,181.0,108693.0,107758.48568452703
637,2021-10-19,5809967.0,13308.0,124423.0,167.0,108693.0,107800.91605012299
638,2021-10-20,5821737.0,11770.0,124585.0,162.0,108693.0,107841.77338872099
639,2021-10-21,5833525.0,11788.0,124763.0,178.0,109854.0,107881.03435113834
640,2021-10-22,5844589.0,11064.0,124928.0,165.0,102957.0,107918.67523370305
641,2021-10-23,5851670.0,7081.0,125052.0,124.0,102957.0,107954.67198244849
642,2021-10-24,5860844.0,9174.0,125223.0,171.0,102957.0,107989.00019747944
643,2021-10-25,5868360.0,7516.0,125363.0,140.0,102957.0,108021.63513765665
644,2021-10-26,5877456.0,9096.0,125519.0,156.0,102957.0,108052.55172553653
645,2021-10-27,5888100.0,10644.0,125716.0,197.0,109236.0,108081.72455253819
646,2021-10-28,5899509.0,11409.0,125875.0,159.0,108276.0,108109.12788441771
647,2021-10-29,5909402.0,9893.0,125998.0,123.0,110956.0,108134.73566705355
648,2021-10-30,5916211.0,6809.0,126126.0,128.0,112062.0,108158.52153238276
649,2021-10-31,5924638.0,8427.0,126303.0,177.0,112062.0,108180.45880479919
650,2021-11-01,5934495.0,9857.0,126456.0,153.0,112062.0,108200.52050768578
651,2021-11-02,5944599.0,10104.0,126616.0,160.0,112062.0,108218.67937033245
652,2021-11-03,5954962.0,10363.0,126763.0,147.0,112062.0,108234.90783515567
653,2021-11-04,5964824.0,9862.0,126921.0,158.0,112062.0,108249.1780651118
654,2021-11-05,5973457.0,8633.0,127053.0,132.0,110436.0,108261.46195156866
655,2021-11-06,5980260.0,6803.0,127173.0,120.0,109836.0,108271.73112239497
656,2021-11-07,5987814.0,7554.0,127299.0,126.0,111036.0,108279.95695036644
657,2021-11-08,5996155.0,8341.0,127439.0,140.0,113591.0,108286.11056197056
658,2021-11-09,6004460.0,8305.0,127551.0,112.0,110302.0,108290.16284641804
659,2021-11-10,6012408.0,7948.0,127686.0,135.0,109318.0,108292.08446510317
660,2021-11-11,6019947.0,7539.0,127809.0,123.0,108341.0,108291.84586131753
661,2021-11-12,6027269.0,7322.0,127918.0,109.0,108341.0,108289.4172703381
662,2021-11-13,6031575.0,4306.0,128042.0,124.0,108341.0,108284.76872989343
663,2021-11-14,6037718.0,6143.0,128167.0,125.0,108341.0,108277.87009087758
664,2021-11-15,6045212.0,7494.0,128272.0,105.0,108341.0,108268.6910285558
665,2021-11-16,6051642.0,6430.0,128406.0,134.0,108341.0,108257.20105402725
666,2021-11-17,6057893.0,6251.0,128531.0,125.0,215102.0,108243.36952607142
667,2021-11-18,6063775.0,5882.0,128634.0,103.0,215102.0,108227.16566344531
668,2021-11-19,6069559.0,5784.0,128734.0,100.0,215102.0,108208.55855742277
669,2021-11-20,6073098.0,3539.0,128852.0,118.0,111047.0,108187.51718480693
670,2021-11-21,6077438.0,4340.0,128956.0,104.0,111047.0,108164.01042135613
671,2021-11-22,6082865.0,5427.0,129053.0,97.0,111047.0,108138.00705546694
672,2021-11-23,6088009.0,5144.0,129177.0,124.0,111047.0,108109.47580242337
673,2021-11-24,6092822.0,4813.0,129280.0,103.0,111047.0,108078.38531889574
674,2021-11-25,6097672.0,4850.0,129376.0,96.0,111296.0,108044.7042179759
675,2021-11-26,6102056.0,4384.0,129462.0,86.0,112299.0,108008.40108448447
676,2021-11-27,6105101.0,3045.0,129549.0,87.0,107694.0,107969.44449091138
677,2021-11-28,6108882.0,3781.0,129629.0,80.0,109371.0,107927.8030134681
678,2021-11-29,6113192.0,4310.0,129711.0,82.0,109371.0,107883.44524892227
679,2021-11-30,6117445.0,4253.0,129830.0,119.0,109371.0,107836.3398315403
680,2021-12-01,6121757.0,4312.0,129912.0,82.0,109211.0,107786.45545073779
681,2021-12-02,6125596.0,3839.0,129988.0,76.0,110473.0,107733.76086896838
682,2021-12-03,6129199.0,3603.0,130066.0,78.0,109726.0,107678.22494024591
683,2021-12-04,6131356.0,2157.0,130124.0,58.0,106392.0,107619.81662890868
684,2021-12-05,6134465.0,3109.0,130200.0,76.0,106392.0,107558.50502913253
685,2021-12-06,6137821.0,3356.0,130277.0,77.0,106392.0,107494.25938458176
686,2021-12-07,6141335.0,3514.0,130356.0,79.0,108269.0,107427.04910884233
687,2021-12-08,6144644.0,3309.0,130446.0,90.0,109235.0,107356.84380608232
688,2021-12-09,6147872.0,3228.0,130524.0,78.0,105396.0,107283.61329237552
689,2021-12-10,6150843.0,2971.0,130603.0,79.0,105396.0,107207.32761749433
690,2021-12-11,6152524.0,1681.0,130661.0,58.0,105396.0,107127.95708704175
691,2021-12-12,6154813.0,2289.0,130722.0,61.0,101296.0,107045.47228531347
692,2021-12-13,6157519.0,2706.0,130764.0,42.0,101296.0,106959.84409847663
693,2021-12-14,6160303.0,2784.0,130831.0,67.0,101296.0,106871.04373845638
694,2021-12-15,6162954.0,2651.0,130883.0,52.0,101296.0,106779.04276709812
695,2021-12-16,6165454.0,2500.0,130946.0,63.0,101296.0,106683.81312114926
696,2021-12-17,6167650.0,2196.0,130992.0,46.0,106219.0,106585.32713748695
697,2021-12-18,6169011.0,1361.0,131033.0,41.0,101273.0,106483.55757914291
698,2021-12-19,6170979.0,1968.0,131083.0,50.0,102976.0,106378.47766163753
699,2021-12-20,6173369.0,2390.0,131124.0,41.0,106305.0,106270.06108008878
700,2021-12-21,6175782.0,2413.0,131167.0,43.0,101346.0,106158.28203674214
701,2021-12-22,6177885.0,2103.0,131211.0,44.0,100382.0,106043.11526908533
702,2021-12-23,6179817.0,1932.0,131262.0,51.0,101297.0,105924.53607856663
703,2021-12-24,6181784.0,1967.0,131306.0,44.0,102916.0,105802.52035987558
704,2021-12-25,6182905.0,1121.0,131348.0,42.0,101463.0,105677.04463079007
705,2021-12-26,6184762.0,1857.0,131400.0,52.0,101463.0,105548.08606273861
706,2021-12-27,6186729.0,1967.0,131434.0,34.0,101463.0,105415.62251170905
707,2021-12-28,6188857.0,2128.0,131474.0,40.0,100137.0,105279.6325500104
708,2021-12-29,6190762.0,1905.0,131527.0,53.0,98364.0,105140.09549853014
709,2021-12-30,6192698.0,1936.0,131572.0,45.0,96258.0,104996.99145964714
710,2021-12-31,6194401.0,1703.0,131606.0,34.0,95169.0,104850.3013507034
711,2022-01-01,6195403.0,1002.0,131639.0,33.0,96025.0,104700.0069381948
712,2022-01-02,6196913.0,1510.0,131680.0,41.0,101312.0,104546.09087257268
713,2022-01-03,6198590.0,1677.0,131702.0,22.0,101368.0,104388.5367236528
714,2022-01-04,6200296.0,1706.0,131736.0,34.0,100613.0,104227.32901670219
715,2022-01-05,6201467.0,1171.0,131778.0,42.0,102041.0,104062.4532692972
716,2022-01-06,6203046.0,1579.0,131802.0,24.0,93061.0,103893.89602856146
717,2022-01-07,6204224.0,1178.0,131821.0,19.0,84032.0,103721.64490936132
718,2022-01-08,6204925.0,701.0,131847.0,26.0,84032.0,103545.68863313826
719,2022-01-09,6206405.0,1480.0,131878.0,31.0,84032.0,103366.01706726284
720,2022-01-10,6208337.0,1932.0,131915.0,37.0,81265.0,103182.62126519711
721,2022-01-11,6210298.0,1961.0,131940.0,25.0,80163.0,102995.49350746901
722,2022-01-12,6212387.0,2089.0,131972.0,32.0,81639.0,102804.62734306039
723,2022-01-13,6214781.0,2394.0,132002.0,30.0,81267.0,102610.01763192745
724,2022-01-14,6217320.0,2539.0,132026.0,24.0,81267.0,102411.66058779688
725,2022-01-15,6218741.0,1421.0,132044.0,18.0,81267.0,102209.55382198276
726,2022-01-16,6221033.0,2292.0,132075.0,31.0,83492.0,102003.69638797076
727,2022-01-17,6224196.0,3163.0,132095.0,20.0,89216.0,101794.08882647188
728,2022-01-18,6227849.0,3653.0,132113.0,18.0,90234.0,101580.73321154894
729,2022-01-19,6231909.0,4060.0,132132.0,19.0,91257.0,101363.63319729449
730,2022-01-20,6236567.0,4658.0,132152.0,20.0,88216.0,101142.79406538041
731,2022-01-21,6241843.0,5276.0,132172.0,20.0,88216.0,100918.22277330043
732,2022-01-22,6245346.0,3503.0,132202.0,30.0,88216.0,100689.92800352903
733,2022-01-23,6250490.0,5144.0,132230.0,28.0,95127.0,100457.92021328391
734,2022-01-24,6258181.0,7691.0,132251.0,21.0,95127.0,100222.21168534638
735,2022-01-25,6267559.0,9378.0,132274.0,23.0,95127.0,99982.81657939585
736,2022-01-26,6279410.0,11851.0,132303.0,29.0,95127.0,99739.75098440977
737,2022-01-27,6293695.0,14285.0,132333.0,30.0,95127.0,99493.03297166707
738,2022-01-28,6310452.0,16757.0,132356.0,23.0,95127.0,99242.68264890643
739,2022-01-29,6322183.0,11731.0,132380.0,24.0,95127.0,98988.72221486451
740,2022-01-30,6344179.0,21996.0,132424.0,44.0,95127.0,98731.17601512553
741,2022-01-31,6373174.0,28995.0,132454.0,30.0,95127.0,98470.07059849979
742,2022-02-01,6408244.0,35070.0,132504.0,50.0,97163.0,98205.43477444531
743,2022-02-02,6446404.0,38160.0,132563.0,59.0,102306.0,97937.29967128666
744,2022-02-03,6483799.0,37395.0,132624.0,61.0,106310.0,97665.6987952906
745,2022-02-04,6520707.0,36908.0,132681.0,57.0,79345.0,97390.66809076996
746,2022-02-05,6543837.0,23130.0,132745.0,64.0,79345.0,97112.24600086542
747,2022-02-06,6579266.0,35429.0,132830.0,85.0,79345.0,96830.4735294673
748,2022-02-07,6619085.0,39819.0,132934.0,104.0,79345.0,96545.39430383773
749,2022-02-08,6657842.0,38757.0,133048.0,114.0,79345.0,96257.05463836523
750,2022-02-09,6696927.0,39085.0,133164.0,116.0,79345.0,95965.50359901966
751,2022-02-10,6730608.0,33681.0,133294.0,130.0,79345.0,95670.79306901427
752,2022-02-11,6761855.0,31247.0,133437.0,143.0,79345.0,95372.97781512322
753,2022-02-12,6780453.0,18598.0,133570.0,133.0,79345.0,95072.1155551839
754,2022-02-13,6806265.0,25812.0,133718.0,148.0,79345.0,94768.26702653052
755,2022-02-14,6835221.0,28956.0,133886.0,168.0,79345.0,94461.49605526956
756,2022-02-15,6860255.0,25034.0,134053.0,167.0,79345.0,94151.86962666543
757,2022-02-16,6876565.0,16310.0,134238.0,185.0,79345.0,93839.4579564947
758,2022-02-17,6894110.0,17545.0,134420.0,182.0,79345.0,93524.33456334652
759,2022-02-18,6913427.0,19317.0,134607.0,187.0,79345.0,93206.57634201081
760,2022-02-19,6925485.0,12058.0,134798.0,191.0,79345.0,92886.2636378798
761,2022-02-20,6942452.0,16967.0,135040.0,242.0,79345.0,92563.48032227339
762,2022-02-21,6961562.0,19110.0,135276.0,236.0,79345.0,92238.31386887463
763,2022-02-22,6983635.0,22073.0,135499.0,223.0,79345.0,91910.85543134244
764,2022-02-23,6998975.0,15340.0,135726.0,227.0,81264.0,91581.19992165448
765,2022-02-24,7011932.0,12957.0,135952.0,226.0,73162.0,91249.44608988048
766,2022-02-25,7023904.0,11972.0,136166.0,214.0,73162.0,90915.6966047603
767,2022-02-26,7030943.0,7039.0,136390.0,224.0,73162.0,90580.05813548894
768,2022-02-27,7040467.0,9524.0,136631.0,241.0,81246.0,90242.6414346415
769,2022-02-28,7051429.0,10962.0,136838.0,207.0,83246.0,89903.56142191024
770,2022-03-01,7060741.0,9312.0,137064.0,226.0,83461.0,89562.93726948829
771,2022-03-02,7066975.0,6234.0,137267.0,203.0,80246.0,89220.89248804183
772,2022-03-03,7073747.0,6772.0,137439.0,172.0,78234.0,88877.5550140384
773,2022-03-04,7080217.0,6470.0,137593.0,154.0,79216.0,88533.05729834171
774,2022-03-05,7084306.0,4089.0,137747.0,154.0,79216.0,88187.53639562608
775,2022-03-06,7089892.0,5586.0,137948.0,201.0,79216.0,87841.13405530335
776,2022-03-07,7096318.0,6426.0,138116.0,168.0,81526.0,87493.99681345554
777,2022-03-08,7102159.0,5841.0,138260.0,144.0,76234.0,87146.27608579578
778,2022-03-09,7107167.0,5008.0,138433.0,173.0,76234.0,86798.12826216401
779,2022-03-10,7113591.0,6424.0,138572.0,139.0,76234.0,86449.71480198385
780,2022-03-11,7117544.0,3953.0,138711.0,139.0,76234.0,86101.20233086677
781,2022-03-12,7119763.0,2219.0,138831.0,120.0,76234.0,85752.76273869158
782,2022-03-13,7123093.0,3330.0,138949.0,118.0,76234.0,85404.57327866735
783,2022-03-14,7126906.0,3813.0,139063.0,114.0,76234.0,85056.81666779699
784,2022-03-15,7130129.0,3223.0,139180.0,117.0,76234.0,84709.68118852557
785,2022-03-16,7133139.0,3010.0,139289.0,109.0,76234.0,84363.3607916254
786,2022-03-17,7135719.0,2580.0,139387.0,98.0,76234.0,84018.05520035507
787,2022-03-18,7137894.0,2175.0,139478.0,91.0,76234.0,83673.97001592995
788,2022-03-19,7139217.0,1323.0,139550.0,72.0,76234.0,83331.31682443799
789,2022-03-20,7141033.0,1816.0,139610.0,60.0,76234.0,82990.3133045751
790,2022-03-21,7142287.0,1254.0,139662.0,52.0,76234.0,82651.18333728792
791,2022-03-22,7143409.0,1122.0,139735.0,73.0,76234.0,82314.15711634042
792,2022-03-23,7144532.0,1123.0,139802.0,67.0,76234.0,81979.47126035573
793,2022-03-24,7145877.0,1345.0,139865.0,63.0,76234.0,81647.36892612459
794,2022-03-25,7147407.0,1530.0,139917.0,52.0,76234.0,81318.09992343368
795,2022-03-26,7148789.0,1382.0,139971.0,54.0,76234.0,80991.92083102645
796,2022-03-27,7151088.0,2299.0,140021.0,50.0,76234.0,80669.0951141286
797,2022-03-28,7154003.0,2915.0,140063.0,42.0,76234.0,80349.89324328484
798,2022-03-29,7156746.0,2743.0,140109.0,46.0,76234.0,80034.5928145367
799,2022-03-30,7159733.0,2987.0,140158.0,49.0,76234.0,79723.47867119493
800,2022-03-31,7162220.0,2487.0,140204.0,46.0,76234.0,79416.84302672924
801,2022-04-01,7164484.0,2264.0,140240.0,36.0,76234.0,79114.98558947624
802,2022-04-02,7166371.0,1887.0,140277.0,37.0,76234.0,78818.21368824126
803,2022-04-03,7167646.0,1275.0,140315.0,38.0,76234.0,78526.84240013541
804,2022-04-04,7171165.0,3519.0,140368.0,53.0,76234.0,78241.19467903854
805,2022-04-05,7175780.0,4615.0,140407.0,39.0,76234.0,77961.60148613335
806,2022-04-06,7180008.0,4228.0,140451.0,44.0,76234.0,77688.4019215721
807,2022-04-07,7183808.0,3800.0,140492.0,41.0,76234.0,77421.9433579761
808,2022-04-08,7186992.0,3184.0,140528.0,36.0,76234.0,77162.58157506766
809,2022-04-09,7188749.0,1757.0,140577.0,49.0,76234.0,76910.68089612009
810,2022-04-10,7191643.0,2894.0,140616.0,39.0,76234.0,76666.614325704
811,2022-04-11,7194768.0,3125.0,140650.0,34.0,76234.0,76430.76368922176
812,2022-04-12,7197505.0,2737.0,140678.0,28.0,76234.0,76203.51977384271
813,2022-04-13,7199861.0,2356.0,140711.0,33.0,76234.0,75985.28247101785
814,2022-04-14,7202055.0,2194.0,140744.0,33.0,76234.0,75776.46092046978
815,2022-04-15,7204049.0,1994.0,140777.0,33.0,76234.0,75577.47365614952
816,2022-04-16,7205064.0,1015.0,140800.0,23.0,76234.0,75388.74875331105
817,2022-04-17,7206959.0,1895.0,140829.0,29.0,76234.0,75210.72397744836
818,2022-04-18,7208968.0,2009.0,140854.0,25.0,76234.0,75043.8469350654
