,date,total_cases,new_cases,total_deaths,new_deaths,total_tests,new_tests,people_vaccinated,people_fully_vaccinated,new_vaccinations
152044,2020-02-01,1.0,1.0,,,,,,,
152045,2020-02-02,1.0,0.0,,,,,,,
152046,2020-02-03,1.0,0.0,,,,,,,
152047,2020-02-04,1.0,0.0,,,,,,,
152048,2020-02-05,1.0,0.0,,,,,,,
152049,2020-02-06,1.0,0.0,,,,,,,
152050,2020-02-07,1.0,0.0,,,,,,,
152051,2020-02-08,1.0,0.0,,,,,,,
152052,2020-02-09,2.0,1.0,,,,,,,
152053,2020-02-10,2.0,0.0,,,,,,,
152054,2020-02-11,2.0,0.0,,,,,,,
152055,2020-02-12,2.0,0.0,,,,,,,
152056,2020-02-13,2.0,0.0,,,,,,,
152057,2020-02-14,2.0,0.0,,,,,,,
152058,2020-02-15,2.0,0.0,,,,,,,
152059,2020-02-16,2.0,0.0,,,,,,,
152060,2020-02-17,2.0,0.0,,,,,,,
152061,2020-02-18,2.0,0.0,,,,,,,
152062,2020-02-19,2.0,0.0,,,,,,,
152063,2020-02-20,2.0,0.0,,,,,,,
152064,2020-02-21,2.0,0.0,,,,,,,
152065,2020-02-22,2.0,0.0,,,,,,,
152066,2020-02-23,2.0,0.0,,,,,,,
152067,2020-02-24,2.0,0.0,,,,,,,
152068,2020-02-25,6.0,4.0,,,,,,,
152069,2020-02-26,13.0,7.0,,,,,,,
152070,2020-02-27,15.0,2.0,,,,,,,
152071,2020-02-28,32.0,17.0,,,,,,,
152072,2020-02-29,45.0,13.0,,,,,,,
152073,2020-03-01,84.0,39.0,,,,,,,
152074,2020-03-02,120.0,36.0,,,,,,,
152075,2020-03-03,165.0,45.0,1.0,1.0,,,,,
152076,2020-03-04,222.0,57.0,2.0,1.0,,,,,
152077,2020-03-05,259.0,37.0,3.0,1.0,,,,,
152078,2020-03-06,400.0,141.0,5.0,2.0,,,,,
152079,2020-03-07,500.0,100.0,10.0,5.0,,,,,
152080,2020-03-08,673.0,173.0,17.0,7.0,,,,,
152081,2020-03-09,1073.0,400.0,28.0,11.0,,,,,
152082,2020-03-10,1695.0,622.0,35.0,7.0,,,,,
152083,2020-03-11,2277.0,582.0,54.0,19.0,,,,,
152084,2020-03-12,2277.0,0.0,55.0,1.0,,,,,
152085,2020-03-13,5232.0,2955.0,133.0,78.0,,,,,
152086,2020-03-14,6391.0,1159.0,195.0,62.0,,,,,
152087,2020-03-15,7798.0,1407.0,289.0,94.0,6303.0,6303.0,,,
152088,2020-03-16,9942.0,2144.0,342.0,53.0,15353.0,9050.0,,,
152089,2020-03-17,11748.0,1806.0,533.0,191.0,27043.0,11690.0,,,
152090,2020-03-18,13910.0,2162.0,623.0,90.0,39815.0,12772.0,,,
152091,2020-03-19,17963.0,4053.0,830.0,207.0,54738.0,14923.0,,,
152092,2020-03-20,20410.0,2447.0,1043.0,213.0,70912.0,16174.0,,,
152093,2020-03-21,25374.0,4964.0,1375.0,332.0,85140.0,14228.0,,,
152094,2020-03-22,28768.0,3394.0,1772.0,397.0,97402.0,12262.0,,,
152095,2020-03-23,35136.0,6368.0,2311.0,539.0,115234.0,17832.0,,,
152096,2020-03-24,39885.0,4749.0,2808.0,497.0,137239.0,22005.0,,,
152097,2020-03-25,49515.0,9630.0,3647.0,839.0,161172.0,23933.0,,,
152098,2020-03-26,57786.0,8271.0,4365.0,718.0,186685.0,25513.0,,,
152099,2020-03-27,65719.0,7933.0,5138.0,773.0,212601.0,25916.0,,,
152100,2020-03-28,73235.0,7516.0,5982.0,844.0,233115.0,20514.0,,,
152101,2020-03-29,80110.0,6875.0,6803.0,821.0,248709.0,15594.0,,,
152102,2020-03-30,87956.0,7846.0,7716.0,913.0,271554.0,22845.0,,,
152103,2020-03-31,95923.0,7967.0,8464.0,748.0,297156.0,25602.0,,,
152104,2020-04-01,104118.0,8195.0,9387.0,923.0,322879.0,25723.0,,,
152105,2020-04-02,112065.0,7947.0,10348.0,961.0,350110.0,27231.0,,,
152106,2020-04-03,119199.0,7134.0,11198.0,850.0,377762.0,27652.0,,,
152107,2020-04-04,126168.0,6969.0,11947.0,749.0,397733.0,19971.0,,,
152108,2020-04-05,131646.0,5478.0,12641.0,694.0,412018.0,14285.0,,,
152109,2020-04-06,136675.0,5029.0,13341.0,700.0,434413.0,22395.0,,,
152110,2020-04-07,141942.0,5267.0,14045.0,704.0,460415.0,26002.0,,,
152111,2020-04-08,148220.0,6278.0,14792.0,747.0,488650.0,28235.0,,,
152112,2020-04-09,153222.0,5002.0,15447.0,655.0,517144.0,28494.0,,,
152113,2020-04-10,158273.0,5051.0,16081.0,634.0,540059.0,22915.0,,,
152114,2020-04-11,163027.0,4754.0,16606.0,525.0,557355.0,17296.0,,,
152115,2020-04-12,166831.0,3804.0,17209.0,603.0,573247.0,15892.0,,,
152116,2020-04-13,170099.0,3268.0,17756.0,547.0,594179.0,20932.0,,,
152117,2020-04-14,172541.0,2442.0,18056.0,300.0,623133.0,28954.0,,,
152118,2020-04-15,177644.0,5103.0,18708.0,652.0,655168.0,32035.0,,,
152119,2020-04-16,184948.0,7304.0,19315.0,607.0,687037.0,31869.0,,,
152120,2020-04-17,190839.0,5891.0,20002.0,687.0,721168.0,34131.0,,,
152121,2020-04-18,191726.0,887.0,20043.0,41.0,749392.0,28224.0,,,
152122,2020-04-19,198674.0,6948.0,20453.0,410.0,770551.0,21159.0,,,
152123,2020-04-20,200210.0,1536.0,20852.0,399.0,799754.0,29203.0,,,
152124,2020-04-21,204178.0,3968.0,21282.0,430.0,840874.0,41120.0,,,
152125,2020-04-22,208389.0,4211.0,21717.0,435.0,881867.0,40993.0,,,
152126,2020-04-23,213024.0,4635.0,22157.0,440.0,922905.0,41038.0,,,
152127,2020-04-24,202990.0,,22524.0,367.0,970291.0,47386.0,,,
152128,2020-04-25,205905.0,2915.0,22902.0,378.0,1002212.0,31921.0,,,
152129,2020-04-26,207634.0,1729.0,23190.0,288.0,1025016.0,22804.0,,,
152130,2020-04-27,209465.0,1831.0,23521.0,331.0,1059463.0,34447.0,,,
152131,2020-04-28,210773.0,1308.0,23822.0,301.0,1107320.0,47857.0,,,
152132,2020-04-29,212917.0,2144.0,24275.0,453.0,1152098.0,44778.0,,,
152133,2020-04-30,213435.0,518.0,24543.0,268.0,1195833.0,43735.0,,,
152134,2020-05-01,215216.0,1781.0,24543.0,0.0,1226109.0,30276.0,,,
152135,2020-05-02,216582.0,1366.0,25100.0,557.0,1247065.0,20956.0,,,
152136,2020-05-03,217466.0,884.0,25264.0,164.0,1263049.0,15984.0,,,
152137,2020-05-04,218011.0,545.0,25428.0,164.0,1293744.0,30695.0,,,
152138,2020-05-05,219329.0,1318.0,25613.0,185.0,1337126.0,43382.0,,,
152139,2020-05-06,220325.0,996.0,25857.0,244.0,1380150.0,43024.0,,,
152140,2020-05-07,221447.0,1122.0,26070.0,213.0,1423631.0,43481.0,,,
152141,2020-05-08,222857.0,1410.0,26299.0,229.0,1466486.0,42855.0,,,
152142,2020-05-09,223578.0,721.0,26478.0,179.0,1496679.0,30193.0,,,
152143,2020-05-10,224350.0,772.0,26621.0,143.0,1512232.0,15553.0,,,
152144,2020-05-11,227436.0,3086.0,26744.0,123.0,1544986.0,32754.0,,,
152145,2020-05-12,228030.0,594.0,26920.0,176.0,1588127.0,43141.0,,,
152146,2020-05-13,228691.0,661.0,27104.0,184.0,1634288.0,46161.0,,,
152147,2020-05-14,229540.0,849.0,27321.0,217.0,1679538.0,45250.0,,,
152148,2020-05-15,230183.0,643.0,27459.0,138.0,1724915.0,45377.0,,,
152149,2020-05-16,230698.0,515.0,27563.0,104.0,1753497.0,28582.0,,,
152150,2020-05-17,230698.0,0.0,27563.0,0.0,1768596.0,15099.0,,,
152151,2020-05-18,231606.0,908.0,27709.0,146.0,1800952.0,32356.0,,,
152152,2020-05-19,232037.0,431.0,27778.0,69.0,1846355.0,45403.0,,,
152153,2020-05-20,232555.0,518.0,27888.0,110.0,1891921.0,45566.0,,,
152154,2020-05-21,233037.0,482.0,27940.0,52.0,1935591.0,43670.0,,,
152155,2020-05-22,234824.0,1787.0,28628.0,688.0,1980062.0,44471.0,,,
152156,2020-05-23,235290.0,466.0,28678.0,50.0,2008016.0,27954.0,,,
152157,2020-05-24,235772.0,482.0,28752.0,74.0,2023935.0,15919.0,,,
152158,2020-05-25,235400.0,,26834.0,,2056658.0,32723.0,,,
152159,2020-05-26,236259.0,859.0,27117.0,283.0,2102269.0,45611.0,,,
152160,2020-05-27,236259.0,0.0,27117.0,0.0,2147190.0,44921.0,,,
152161,2020-05-28,237906.0,1647.0,27119.0,2.0,2187685.0,40495.0,,,
152162,2020-05-29,238564.0,658.0,27121.0,2.0,2232109.0,44424.0,,,
152163,2020-05-30,239228.0,664.0,27125.0,4.0,2259263.0,27154.0,,,
152164,2020-05-31,239479.0,251.0,27127.0,2.0,2274138.0,14875.0,,,
152165,2020-06-01,239638.0,159.0,27127.0,0.0,2304445.0,30307.0,,,
152166,2020-06-02,239932.0,294.0,27127.0,0.0,2349216.0,44771.0,,,
152167,2020-06-03,240326.0,394.0,27128.0,1.0,2392957.0,43741.0,,,
152168,2020-06-04,240660.0,334.0,27133.0,5.0,2432192.0,39235.0,,,
152169,2020-06-05,240978.0,318.0,27134.0,1.0,2474044.0,41852.0,,,
152170,2020-06-06,241310.0,332.0,27135.0,1.0,2499707.0,25663.0,,,
152171,2020-06-07,241550.0,240.0,27136.0,1.0,2513229.0,13522.0,,,
152172,2020-06-08,241717.0,167.0,27136.0,0.0,2545416.0,32187.0,,,
152173,2020-06-09,241966.0,249.0,27136.0,0.0,2587861.0,42445.0,,,
152174,2020-06-10,242280.0,314.0,27136.0,0.0,2628533.0,40672.0,,,
152175,2020-06-11,242707.0,427.0,27136.0,0.0,2664208.0,35675.0,,,
152176,2020-06-12,243209.0,502.0,27136.0,0.0,2706770.0,42562.0,,,
152177,2020-06-13,243605.0,396.0,27136.0,0.0,2731144.0,24374.0,,,
152178,2020-06-14,243928.0,323.0,27136.0,0.0,2745903.0,14759.0,,,
152179,2020-06-15,244109.0,181.0,27136.0,0.0,2778548.0,32645.0,,,
152180,2020-06-16,244328.0,219.0,27136.0,0.0,2819649.0,41101.0,,,
152181,2020-06-17,244683.0,355.0,27136.0,0.0,2859203.0,39554.0,,,
152182,2020-06-18,245268.0,585.0,27136.0,0.0,2893300.0,34097.0,,,
152183,2020-06-19,245575.0,307.0,28315.0,,2932208.0,38908.0,,,
152184,2020-06-20,245938.0,363.0,28322.0,7.0,2956809.0,24601.0,,,
152185,2020-06-21,246272.0,334.0,28323.0,1.0,2969844.0,13035.0,,,
152186,2020-06-22,246504.0,232.0,28324.0,1.0,3000253.0,30409.0,,,
152187,2020-06-23,246752.0,248.0,28325.0,1.0,3042150.0,41897.0,,,
152188,2020-06-24,247086.0,334.0,28327.0,2.0,3075983.0,33833.0,,,
152189,2020-06-25,247486.0,400.0,28330.0,3.0,3109329.0,33346.0,,,
152190,2020-06-26,247905.0,419.0,28338.0,8.0,3152382.0,43053.0,,,
152191,2020-06-27,248469.0,564.0,28341.0,3.0,3176733.0,24351.0,,,
152192,2020-06-28,248770.0,301.0,28343.0,2.0,3192725.0,15992.0,,,
152193,2020-06-29,248970.0,200.0,28346.0,3.0,3224846.0,32121.0,,,
152194,2020-06-30,249271.0,301.0,28355.0,9.0,3266953.0,42107.0,,,
152195,2020-07-01,249659.0,388.0,28364.0,9.0,3306143.0,39190.0,,,
152196,2020-07-02,250103.0,444.0,28368.0,4.0,3340294.0,34151.0,,,
152197,2020-07-03,250545.0,442.0,28385.0,17.0,3378511.0,38217.0,,,
152198,2020-07-04,250545.0,0.0,28385.0,0.0,3401905.0,23394.0,,,
152199,2020-07-05,250545.0,0.0,28385.0,0.0,3416512.0,14607.0,,,
152200,2020-07-06,251789.0,1244.0,28388.0,3.0,3446847.0,30335.0,,,
152201,2020-07-07,252130.0,341.0,28392.0,4.0,3488445.0,41598.0,,,
152202,2020-07-08,252513.0,383.0,28396.0,4.0,3528125.0,39680.0,,,
152203,2020-07-09,253056.0,543.0,28401.0,5.0,3564658.0,36533.0,,,
152204,2020-07-10,253908.0,852.0,28403.0,2.0,3605088.0,40430.0,,,
152205,2020-07-11,253908.0,0.0,28403.0,0.0,3632528.0,27440.0,,,
152206,2020-07-12,253908.0,0.0,28403.0,0.0,3648831.0,16303.0,,,
152207,2020-07-13,255953.0,2045.0,28406.0,3.0,3682840.0,34009.0,,,
152208,2020-07-14,256619.0,666.0,28409.0,3.0,3726193.0,43353.0,,,
152209,2020-07-15,257494.0,875.0,28413.0,4.0,3771744.0,45551.0,,,
152210,2020-07-16,258855.0,1361.0,28416.0,3.0,3814961.0,43217.0,,,
152211,2020-07-17,260255.0,1400.0,28420.0,4.0,3862263.0,47302.0,,,
152212,2020-07-18,260255.0,0.0,28420.0,0.0,3895943.0,33680.0,,,
152213,2020-07-19,260255.0,0.0,28420.0,0.0,3916957.0,21014.0,,,
152214,2020-07-20,264836.0,4581.0,28422.0,2.0,3957570.0,40613.0,,,
152215,2020-07-21,266194.0,1358.0,28424.0,2.0,4009574.0,52004.0,,,
152216,2020-07-22,267551.0,1357.0,28426.0,2.0,4062333.0,52759.0,,,
152217,2020-07-23,270166.0,2615.0,28429.0,3.0,4113915.0,51582.0,,,
152218,2020-07-24,272421.0,2255.0,28432.0,3.0,4168642.0,54727.0,,,
152219,2020-07-25,272421.0,0.0,28432.0,0.0,4205506.0,36864.0,,,
152220,2020-07-26,272421.0,0.0,28432.0,0.0,4229695.0,24189.0,,,
152221,2020-07-27,278782.0,6361.0,28434.0,2.0,4274862.0,45167.0,,,
152222,2020-07-28,280610.0,1828.0,28436.0,2.0,4332039.0,57177.0,,,
152223,2020-07-29,282641.0,2031.0,28441.0,5.0,4393052.0,61013.0,,,
152224,2020-07-30,285430.0,2789.0,28443.0,2.0,4450828.0,57776.0,,,
152225,2020-07-31,288522.0,3092.0,28445.0,2.0,4512160.0,61332.0,,,
152226,2020-08-01,288522.0,0.0,28445.0,0.0,4552379.0,40219.0,,,
152227,2020-08-02,288522.0,0.0,28445.0,0.0,4578801.0,26422.0,,,
152228,2020-08-03,297054.0,8532.0,28472.0,27.0,4628536.0,49735.0,,,
152229,2020-08-04,302814.0,5760.0,28498.0,26.0,4692618.0,64082.0,,,
152230,2020-08-05,305767.0,2953.0,28499.0,1.0,4758460.0,65842.0,,,
152231,2020-08-06,309855.0,4088.0,28500.0,1.0,4823171.0,64711.0,,,
152232,2020-08-07,314362.0,4507.0,28503.0,3.0,4893976.0,70805.0,,,
152233,2020-08-08,314362.0,0.0,28503.0,0.0,4946707.0,52731.0,,,
152234,2020-08-09,314362.0,0.0,28503.0,0.0,4979647.0,32940.0,,,
152235,2020-08-10,322980.0,8618.0,28576.0,73.0,5037175.0,57528.0,,,
152236,2020-08-11,326612.0,3632.0,28581.0,5.0,5114025.0,76850.0,,,
152237,2020-08-12,329784.0,3172.0,28579.0,,5189496.0,75471.0,,,
152238,2020-08-13,337334.0,7550.0,28605.0,26.0,5268126.0,78630.0,,,
152239,2020-08-14,342813.0,5479.0,28617.0,12.0,5354588.0,86462.0,,,
152240,2020-08-15,342813.0,0.0,28617.0,0.0,5416340.0,61752.0,,,
152241,2020-08-16,342813.0,0.0,28617.0,0.0,5455979.0,39639.0,,,
152242,2020-08-17,359082.0,16269.0,28646.0,29.0,5520001.0,64022.0,,,
152243,2020-08-18,364196.0,5114.0,28670.0,24.0,5606381.0,86380.0,,,
152244,2020-08-19,370867.0,6671.0,28797.0,127.0,5696700.0,90319.0,,,
152245,2020-08-20,377906.0,7039.0,28813.0,16.0,5788527.0,91827.0,,,
152246,2020-08-21,386054.0,8148.0,28838.0,25.0,5891529.0,103002.0,,,
152247,2020-08-22,386054.0,0.0,28838.0,0.0,5963811.0,72282.0,,,
152248,2020-08-23,386054.0,0.0,28838.0,0.0,6012405.0,48594.0,,,
152249,2020-08-24,405436.0,19382.0,28872.0,34.0,6090704.0,78299.0,,,
152250,2020-08-25,412553.0,7117.0,28924.0,52.0,6190423.0,99719.0,,,
152251,2020-08-26,419849.0,7296.0,28971.0,47.0,6300350.0,109927.0,,,
152252,2020-08-27,429507.0,9658.0,28996.0,25.0,6405233.0,104883.0,,,
152253,2020-08-28,439286.0,9779.0,29011.0,15.0,6517492.0,112259.0,,,
152254,2020-08-29,439286.0,0.0,29011.0,0.0,6595701.0,78209.0,,,
152255,2020-08-30,439286.0,0.0,29011.0,0.0,6655170.0,59469.0,,,
152256,2020-08-31,462858.0,23572.0,29094.0,83.0,6743221.0,88051.0,,,
152257,2020-09-01,470973.0,8115.0,29152.0,58.0,6854271.0,111050.0,,,
152258,2020-09-02,479554.0,8581.0,29194.0,42.0,6966748.0,112477.0,,,
152259,2020-09-03,488513.0,8959.0,29234.0,40.0,7080962.0,114214.0,,,
152260,2020-09-04,498989.0,10476.0,29418.0,184.0,7201950.0,120988.0,,,
152261,2020-09-05,498989.0,0.0,29418.0,0.0,7284317.0,82367.0,,,
152262,2020-09-06,498989.0,0.0,29418.0,0.0,7343123.0,58806.0,,,
152263,2020-09-07,525549.0,26560.0,29516.0,98.0,7428978.0,85855.0,,,
152264,2020-09-08,534513.0,8964.0,29594.0,78.0,7534417.0,105439.0,,,
152265,2020-09-09,543379.0,8866.0,29628.0,34.0,7642998.0,108581.0,,,
152266,2020-09-10,554143.0,10764.0,29699.0,71.0,7759592.0,116594.0,,,
152267,2020-09-11,566326.0,12183.0,29747.0,48.0,7866614.0,107022.0,,,
152268,2020-09-12,566326.0,0.0,29747.0,0.0,7954390.0,87776.0,,,
152269,2020-09-13,566326.0,0.0,29747.0,0.0,8012342.0,57952.0,,,
152270,2020-09-14,593730.0,27404.0,29848.0,101.0,8102659.0,90317.0,,,
152271,2020-09-15,603167.0,9437.0,30004.0,156.0,8218836.0,116177.0,,,
152272,2020-09-16,614360.0,11193.0,30243.0,239.0,8342898.0,124062.0,,,
152273,2020-09-17,625651.0,11291.0,30405.0,162.0,8470894.0,127996.0,,,
152274,2020-09-18,640040.0,14389.0,30495.0,90.0,8605208.0,134314.0,,,
152275,2020-09-19,640040.0,0.0,30495.0,0.0,8707221.0,102013.0,,,
152276,2020-09-20,640040.0,0.0,30495.0,0.0,8776338.0,69117.0,,,
152277,2020-09-21,671468.0,31428.0,30663.0,168.0,8879241.0,102903.0,,,
152278,2020-09-22,682267.0,10799.0,30904.0,241.0,9014080.0,134839.0,,,
152279,2020-09-23,693556.0,11289.0,31034.0,130.0,9149022.0,134942.0,,,
152280,2020-09-24,704209.0,10653.0,31118.0,84.0,9277778.0,128756.0,,,
152281,2020-09-25,716481.0,12272.0,31232.0,114.0,9421642.0,143864.0,,,
152282,2020-09-26,716481.0,0.0,31232.0,0.0,9525061.0,103419.0,,,
152283,2020-09-27,716481.0,0.0,31232.0,0.0,9593651.0,68590.0,,,
152284,2020-09-28,748266.0,31785.0,31411.0,179.0,9695411.0,101760.0,,,
152285,2020-09-29,748266.0,0.0,31411.0,0.0,9831722.0,136311.0,,,
152286,2020-09-30,769188.0,20922.0,31791.0,380.0,9970788.0,139066.0,,,
152287,2020-10-01,778607.0,9419.0,31973.0,182.0,10101766.0,130978.0,,,
152288,2020-10-02,789932.0,11325.0,32086.0,113.0,10244355.0,142589.0,,,
152289,2020-10-03,789932.0,0.0,32086.0,0.0,10335947.0,91592.0,,,
152290,2020-10-04,789932.0,0.0,32086.0,0.0,10393029.0,57082.0,,,
152291,2020-10-05,813412.0,23480.0,32225.0,139.0,10498735.0,105706.0,,,
152292,2020-10-06,825410.0,11998.0,32486.0,261.0,10644511.0,145776.0,,,
152293,2020-10-07,835901.0,10491.0,32562.0,76.0,10784927.0,140416.0,,,
152294,2020-10-08,848324.0,12423.0,32688.0,126.0,10924547.0,139620.0,,,
152295,2020-10-09,861112.0,12788.0,32929.0,241.0,11062144.0,137597.0,,,
152296,2020-10-10,861112.0,0.0,32929.0,0.0,11153021.0,90877.0,,,
152297,2020-10-11,861112.0,0.0,32929.0,0.0,11211741.0,58720.0,,,
152298,2020-10-12,888968.0,27856.0,33124.0,195.0,11266217.0,54476.0,,,
152299,2020-10-13,896086.0,7118.0,33204.0,80.0,11388404.0,122187.0,,,
152300,2020-10-14,908056.0,11970.0,33413.0,209.0,11544148.0,155744.0,,,
152301,2020-10-15,921374.0,13318.0,33553.0,140.0,11705775.0,161627.0,,,
152302,2020-10-16,936560.0,15186.0,33775.0,222.0,11873755.0,167980.0,,,
152303,2020-10-17,936560.0,0.0,33775.0,0.0,11987019.0,113264.0,,,
152304,2020-10-18,936560.0,0.0,33775.0,0.0,12061200.0,74181.0,,,
152305,2020-10-19,974449.0,37889.0,33992.0,217.0,12203998.0,142798.0,,,
152306,2020-10-20,988322.0,13873.0,34210.0,218.0,12387197.0,183199.0,,,
152307,2020-10-21,1005295.0,16973.0,34366.0,156.0,12573555.0,186358.0,,,
152308,2020-10-22,1026281.0,20986.0,34521.0,155.0,12757500.0,183945.0,,,
152309,2020-10-23,1046132.0,19851.0,34752.0,231.0,12957027.0,199527.0,,,
152310,2020-10-24,1046132.0,0.0,34752.0,0.0,13082113.0,125086.0,,,
152311,2020-10-25,1046132.0,0.0,34752.0,0.0,13169088.0,86975.0,,,
152312,2020-10-26,1098320.0,52188.0,35031.0,279.0,13335309.0,166221.0,,,
152313,2020-10-27,1116738.0,18418.0,35298.0,267.0,13548315.0,213006.0,,,
152314,2020-10-28,1136503.0,19765.0,35466.0,168.0,13760017.0,211702.0,,,
152315,2020-10-29,1160083.0,23580.0,35639.0,173.0,13965646.0,205629.0,,,
152316,2020-10-30,1185678.0,25595.0,35878.0,239.0,14179406.0,213760.0,,,
152317,2020-10-31,1185678.0,0.0,35878.0,0.0,14317126.0,137720.0,,,
152318,2020-11-01,1185678.0,0.0,35878.0,0.0,14409851.0,92725.0,,,
152319,2020-11-02,1240697.0,55019.0,36257.0,379.0,14545285.0,135434.0,,,
152320,2020-11-03,1259366.0,18669.0,36495.0,238.0,14740384.0,195099.0,,,
152321,2020-11-04,1284408.0,25042.0,38118.0,1623.0,14946707.0,206323.0,,,
152322,2020-11-05,1306316.0,21908.0,38486.0,368.0,15147254.0,200547.0,,,
152323,2020-11-06,1328832.0,22516.0,38833.0,347.0,15353582.0,206328.0,,,
152324,2020-11-07,1328832.0,0.0,38833.0,0.0,15484182.0,130600.0,,,
152325,2020-11-08,1328832.0,0.0,38833.0,0.0,15581564.0,97382.0,,,
152326,2020-11-09,1381218.0,52386.0,39345.0,512.0,15745393.0,163829.0,,,
152327,2020-11-10,1381218.0,0.0,39345.0,0.0,15949797.0,204404.0,,,
152328,2020-11-11,1417709.0,36491.0,40105.0,760.0,16145738.0,195941.0,,,
152329,2020-11-12,1437220.0,19511.0,40461.0,356.0,16333894.0,188156.0,,,
152330,2020-11-13,1458591.0,21371.0,40769.0,308.0,16524635.0,190741.0,,,
152331,2020-11-14,1458591.0,0.0,40769.0,0.0,16640057.0,115422.0,,,
152332,2020-11-15,1458591.0,0.0,40769.0,0.0,16730473.0,90416.0,,,
152333,2020-11-16,1496864.0,38273.0,41253.0,484.0,16891051.0,160578.0,,,
152334,2020-11-17,1510023.0,13159.0,41688.0,435.0,17077921.0,186870.0,,,
152335,2020-11-18,1525341.0,15318.0,42039.0,351.0,17247083.0,169162.0,,,
152336,2020-11-19,1541574.0,16233.0,42291.0,252.0,17408547.0,161464.0,,,
152337,2020-11-20,1556730.0,15156.0,42619.0,328.0,17569788.0,161241.0,,,
152338,2020-11-21,1556730.0,0.0,42619.0,0.0,17662000.0,92212.0,,,
152339,2020-11-22,1556730.0,0.0,42619.0,0.0,17731845.0,69845.0,,,
152340,2020-11-23,1582616.0,25886.0,43131.0,512.0,17871408.0,139563.0,,,
152341,2020-11-24,1594844.0,12228.0,43668.0,537.0,18033315.0,161907.0,,,
152342,2020-11-25,1605066.0,10222.0,44037.0,369.0,18188033.0,154718.0,,,
152343,2020-11-26,1617355.0,12289.0,44374.0,337.0,18335450.0,147417.0,,,
152344,2020-11-27,1628208.0,10853.0,44668.0,294.0,18506080.0,170630.0,,,
152345,2020-11-28,1628208.0,0.0,44668.0,0.0,18597058.0,90978.0,,,
152346,2020-11-29,1628208.0,0.0,44668.0,0.0,18654095.0,57037.0,,,
152347,2020-11-30,1648187.0,19979.0,45069.0,401.0,18787508.0,133413.0,,,
152348,2020-12-01,1656444.0,8257.0,45511.0,442.0,18952120.0,164612.0,,,
152349,2020-12-02,1665775.0,9331.0,45784.0,273.0,19110876.0,158756.0,,,
152350,2020-12-03,1675902.0,10127.0,46038.0,254.0,19260026.0,149150.0,,,
152351,2020-12-04,1684647.0,8745.0,46252.0,214.0,19407477.0,147451.0,,,
152352,2020-12-05,1684647.0,0.0,46252.0,0.0,19490762.0,83285.0,,,
152353,2020-12-06,1684647.0,0.0,46252.0,0.0,19543388.0,52626.0,,,
152354,2020-12-07,1702328.0,17681.0,46646.0,394.0,19640461.0,97073.0,,,
152355,2020-12-08,1702328.0,0.0,46646.0,0.0,19707009.0,66548.0,,,
152356,2020-12-09,1712101.0,9773.0,47019.0,373.0,19851537.0,144528.0,,,
152357,2020-12-10,1720056.0,7955.0,47344.0,325.0,20015992.0,164455.0,,,
152358,2020-12-11,1730575.0,10519.0,47624.0,280.0,20183468.0,167476.0,,,
152359,2020-12-12,1730575.0,0.0,47624.0,0.0,20281676.0,98208.0,,,
152360,2020-12-13,1730575.0,0.0,47624.0,0.0,20341182.0,59506.0,,,
152361,2020-12-14,1751884.0,21309.0,48013.0,389.0,20488469.0,147287.0,,,
152362,2020-12-15,1762212.0,10328.0,48401.0,388.0,20661138.0,172669.0,,,
152363,2020-12-16,1773290.0,11078.0,48596.0,195.0,20831448.0,170310.0,,,
152364,2020-12-17,1785421.0,12131.0,48777.0,181.0,21000048.0,168600.0,,,
152365,2020-12-18,1797236.0,11815.0,48926.0,149.0,21174478.0,174430.0,,,
152366,2020-12-19,1797236.0,0.0,48926.0,0.0,21276022.0,101544.0,,,
152367,2020-12-20,1797236.0,0.0,48926.0,0.0,21338236.0,62214.0,,,
152368,2020-12-21,1819249.0,22013.0,49260.0,334.0,21501069.0,162833.0,,,
152369,2020-12-22,1829903.0,10654.0,49520.0,260.0,21693535.0,192466.0,,,
152370,2020-12-23,1842289.0,12386.0,49698.0,178.0,21893910.0,200375.0,,,
152371,2020-12-24,1854951.0,12662.0,49824.0,126.0,22035336.0,141426.0,,,
152372,2020-12-25,1854951.0,0.0,49824.0,0.0,22085021.0,49685.0,,,
152373,2020-12-26,1854951.0,0.0,49824.0,0.0,22156686.0,71665.0,,,
152374,2020-12-27,1854951.0,0.0,49824.0,0.0,22219355.0,62669.0,,,
152375,2020-12-28,1879413.0,24462.0,50122.0,298.0,22368829.0,149474.0,,,
152376,2020-12-29,1893502.0,14089.0,50442.0,320.0,22541331.0,172502.0,,,
152377,2020-12-30,1910218.0,16716.0,50689.0,247.0,22724010.0,182679.0,,,
152378,2020-12-31,1928265.0,18047.0,50837.0,148.0,22855234.0,131224.0,,,
152379,2021-01-01,1928265.0,0.0,50837.0,0.0,22908560.0,53326.0,,,
152380,2021-01-02,1928265.0,0.0,50837.0,0.0,22988221.0,79661.0,,,
152381,2021-01-03,1928265.0,0.0,50837.0,0.0,23055744.0,67523.0,,,
152382,2021-01-04,1958844.0,30579.0,51078.0,241.0,23221140.0,165396.0,82834.0,,
152383,2021-01-05,1982544.0,23700.0,51430.0,352.0,23426854.0,205714.0,139339.0,,56505.0
152384,2021-01-06,1982544.0,0.0,51430.0,0.0,23525636.0,98782.0,,,
152385,2021-01-07,2024904.0,42360.0,51675.0,245.0,23706335.0,180699.0,207323.0,,
152386,2021-01-08,2050360.0,25456.0,51874.0,199.0,23917512.0,211177.0,277976.0,,70653.0
152387,2021-01-09,2050360.0,0.0,51874.0,0.0,24040826.0,123314.0,,,
152388,2021-01-10,2050360.0,0.0,51874.0,0.0,24130607.0,89781.0,,,
152389,2021-01-11,2111782.0,61422.0,52275.0,401.0,24330469.0,199862.0,406091.0,,
152390,2021-01-12,2137220.0,25438.0,52683.0,408.0,24566690.0,236221.0,488122.0,,82031.0
152391,2021-01-13,2176089.0,38869.0,52878.0,195.0,24819232.0,252542.0,581638.0,,93516.0
152392,2021-01-14,2211967.0,35878.0,53079.0,201.0,25062111.0,242879.0,676186.0,,94548.0
152393,2021-01-15,2252164.0,40197.0,53314.0,235.0,25321044.0,258933.0,768950.0,,92764.0
152394,2021-01-16,2252164.0,0.0,53314.0,0.0,25489027.0,167983.0,,,
152395,2021-01-17,2252164.0,0.0,53314.0,0.0,25603228.0,114201.0,,,
152396,2021-01-18,2336451.0,84287.0,53769.0,455.0,25849049.0,245821.0,895627.0,2315.0,
152397,2021-01-19,2370742.0,34291.0,54173.0,404.0,26142078.0,293029.0,956756.0,9341.0,68155.0
152398,2021-01-20,2412318.0,41576.0,54637.0,464.0,26441773.0,299695.0,1010295.0,15642.0,59840.0
152399,2021-01-21,2456675.0,44357.0,55041.0,404.0,26744458.0,302685.0,1054245.0,49056.0,77364.0
152400,2021-01-22,2499560.0,42885.0,55441.0,400.0,27048134.0,303676.0,1097369.0,68456.0,62524.0
152401,2021-01-23,2499560.0,0.0,55441.0,0.0,27239452.0,191318.0,,,
152402,2021-01-24,2499560.0,0.0,55441.0,0.0,27373218.0,133766.0,1148895.0,88698.0,
152403,2021-01-25,2593382.0,93822.0,56208.0,767.0,27647151.0,273933.0,1167519.0,123697.0,53623.0
152404,2021-01-26,2629817.0,36435.0,56794.0,586.0,27957322.0,310171.0,1183395.0,173066.0,65245.0
152405,2021-01-27,2670102.0,40285.0,57291.0,497.0,28275983.0,318661.0,1202859.0,192759.0,39157.0
152406,2021-01-28,2705001.0,34899.0,57806.0,515.0,28575251.0,299268.0,1222323.0,251866.0,78571.0
152407,2021-01-29,2743119.0,38118.0,58319.0,513.0,28874020.0,298769.0,,,
152408,2021-01-30,2743119.0,0.0,58319.0,0.0,29075836.0,201816.0,,,
152409,2021-01-31,2743119.0,0.0,58319.0,0.0,29209283.0,133447.0,1251369.0,357892.0,
152410,2021-02-01,2822805.0,79686.0,59081.0,762.0,29460355.0,251072.0,1254535.0,418519.0,63793.0
152411,2021-02-02,2851869.0,29064.0,59805.0,724.0,29739368.0,279013.0,1265800.0,498978.0,91724.0
152412,2021-02-03,2883465.0,31596.0,60370.0,565.0,30024937.0,285569.0,1279220.0,586122.0,100564.0
152413,2021-02-04,2913425.0,29960.0,60802.0,432.0,30294486.0,269549.0,1305251.0,682909.0,122818.0
152414,2021-02-05,2941990.0,28565.0,61386.0,584.0,30560856.0,266370.0,,,
152415,2021-02-06,2941990.0,0.0,61386.0,0.0,30725735.0,164879.0,,,
152416,2021-02-07,2941990.0,0.0,61386.0,0.0,30832587.0,106852.0,1318626.0,786407.0,
152417,2021-02-08,2989085.0,47095.0,62295.0,909.0,31054261.0,221674.0,1328459.0,838782.0,62208.0
152418,2021-02-09,3005487.0,16402.0,63061.0,766.0,31294720.0,240459.0,1343566.0,889683.0,66008.0
152419,2021-02-10,3023601.0,18114.0,63704.0,643.0,31518020.0,223300.0,1377229.0,943278.0,87258.0
152420,2021-02-11,3041454.0,17853.0,64217.0,513.0,31732470.0,214450.0,1422560.0,1000485.0,102538.0
152421,2021-02-12,3056035.0,14581.0,64747.0,530.0,31932409.0,199939.0,,,
152422,2021-02-13,3056035.0,0.0,64747.0,0.0,32037057.0,104648.0,,,
152423,2021-02-14,3056035.0,0.0,64747.0,0.0,32101719.0,64662.0,1491517.0,1070091.0,
152424,2021-02-15,3086286.0,30251.0,65449.0,702.0,32263677.0,161958.0,1527590.0,1096922.0,62904.0
152425,2021-02-16,3096343.0,10057.0,65979.0,530.0,32444861.0,181184.0,1571277.0,1119180.0,65945.0
152426,2021-02-17,3107172.0,10829.0,66316.0,337.0,32609600.0,164739.0,1638195.0,1144556.0,92294.0
152427,2021-02-18,3121687.0,14515.0,66704.0,388.0,32765926.0,156326.0,1764985.0,1171026.0,153260.0
152428,2021-02-19,3133122.0,11435.0,67101.0,397.0,32916078.0,150152.0,,,
152429,2021-02-20,3133122.0,0.0,67101.0,0.0,32999142.0,83064.0,,,
152430,2021-02-21,3133122.0,0.0,67101.0,0.0,33056505.0,57363.0,1893290.0,1197061.0,
152431,2021-02-22,3153971.0,20849.0,67636.0,535.0,33202736.0,146231.0,1956886.0,1208305.0,74840.0
152432,2021-02-23,3161432.0,7461.0,68079.0,443.0,33356905.0,154169.0,2063495.0,1221183.0,119487.0
152433,2021-02-24,3170644.0,9212.0,68468.0,389.0,33503714.0,146809.0,2204376.0,1231782.0,151480.0
152434,2021-02-25,3180212.0,9568.0,68813.0,345.0,33626959.0,123245.0,2361852.0,1243783.0,169477.0
152435,2021-02-26,3188553.0,8341.0,69142.0,329.0,33759949.0,132990.0,,,
152436,2021-02-27,3188553.0,0.0,69142.0,0.0,33835097.0,75148.0,,,
152437,2021-02-28,3188553.0,0.0,69142.0,0.0,33885059.0,49962.0,2567617.0,1261848.0,
152438,2021-03-01,3204531.0,15978.0,69609.0,467.0,34017523.0,132464.0,2642034.0,1266700.0,79269.0
152439,2021-03-02,3130184.0,,69801.0,192.0,34173432.0,155909.0,2772318.0,1287002.0,150586.0
152440,2021-03-03,3136321.0,6137.0,70247.0,446.0,34317680.0,144248.0,2920179.0,1308913.0,169772.0
152441,2021-03-04,3142358.0,6037.0,70501.0,254.0,34445859.0,128179.0,3129092.0,1342485.0,242485.0
152442,2021-03-05,3149012.0,6654.0,71138.0,637.0,34573337.0,127478.0,,,
152443,2021-03-06,3149012.0,0.0,71138.0,0.0,34647030.0,73693.0,,,
152444,2021-03-07,3149012.0,0.0,71138.0,0.0,34696919.0,49889.0,3328703.0,1383488.0,
152445,2021-03-08,3160970.0,11958.0,71436.0,298.0,34829150.0,132231.0,3436412.0,1412236.0,136457.0
152446,2021-03-09,3164982.0,4012.0,71727.0,291.0,34971720.0,142570.0,3541667.0,1447838.0,140857.0
152447,2021-03-10,3172101.0,7119.0,71961.0,234.0,35100623.0,128903.0,3668848.0,1503258.0,182601.0
152448,2021-03-11,3178356.0,6255.0,72085.0,124.0,35214645.0,114022.0,3769523.0,1583244.0,180661.0
152449,2021-03-12,3183704.0,5348.0,72258.0,173.0,35340834.0,126189.0,,,
152450,2021-03-13,3183704.0,0.0,72258.0,0.0,35412725.0,71891.0,,,
152451,2021-03-14,3183704.0,0.0,72258.0,0.0,35460389.0,47664.0,,,
152452,2021-03-15,3195062.0,11358.0,72424.0,166.0,35590516.0,130127.0,3951221.0,1693674.0,
152453,2021-03-16,3200024.0,4962.0,72565.0,141.0,35728931.0,138415.0,4013681.0,1728537.0,97323.0
152454,2021-03-17,3206116.0,6092.0,72793.0,228.0,35857901.0,128970.0,4052470.0,1804615.0,114867.0
152455,2021-03-18,3212332.0,6216.0,72910.0,117.0,35977230.0,119329.0,4106550.0,1886813.0,136278.0
152456,2021-03-19,3212332.0,0.0,72910.0,0.0,36080597.0,103367.0,,,
152457,2021-03-20,3212332.0,0.0,72910.0,0.0,36147004.0,66407.0,,,
152458,2021-03-21,3212332.0,0.0,72910.0,0.0,36196181.0,49177.0,,,
152459,2021-03-22,3228803.0,16471.0,73543.0,633.0,36329006.0,132825.0,4211040.0,2110868.0,
152460,2021-03-23,3234319.0,5516.0,73744.0,201.0,36480089.0,151083.0,4252598.0,2156598.0,87288.0
152461,2021-03-24,3234319.0,0.0,73744.0,0.0,36619608.0,139519.0,4343860.0,2276233.0,210897.0
152462,2021-03-25,3247738.0,13419.0,74420.0,676.0,36750010.0,130402.0,4447534.0,2392202.0,219643.0
152463,2021-03-26,3255324.0,7586.0,75010.0,590.0,36886644.0,136634.0,4561529.0,2505842.0,227635.0
152464,2021-03-27,3255324.0,0.0,75010.0,0.0,36971241.0,84597.0,,,
152465,2021-03-28,3255324.0,0.0,75010.0,0.0,37024309.0,53068.0,,,
152466,2021-03-29,3270825.0,15501.0,75199.0,189.0,37153872.0,129563.0,4967230.0,2604209.0,
152467,2021-03-30,3275819.0,4994.0,75305.0,106.0,37283656.0,129784.0,5092535.0,2644076.0,165172.0
152468,2021-03-31,3284353.0,8534.0,75459.0,154.0,37410172.0,126516.0,5314076.0,2721084.0,298549.0
152469,2021-04-01,3291394.0,7041.0,75541.0,82.0,37493267.0,83095.0,5545140.0,2797015.0,306995.0
152470,2021-04-02,3291394.0,0.0,75541.0,0.0,37546697.0,53430.0,,,
152471,2021-04-03,3300965.0,9571.0,75698.0,157.0,37620921.0,74224.0,5707450.0,2841148.0,
152472,2021-04-04,3300965.0,0.0,75698.0,0.0,37682686.0,61765.0,,,
152473,2021-04-05,3311325.0,10360.0,75783.0,85.0,37792865.0,110179.0,5890888.0,2852806.0,
152474,2021-04-06,3317948.0,6623.0,75911.0,128.0,37943182.0,150317.0,6118710.0,2902291.0,277307.0
152475,2021-04-07,3326736.0,8788.0,76037.0,126.0,38092276.0,149094.0,6416016.0,2941831.0,336846.0
152476,2021-04-08,3336637.0,9901.0,76179.0,142.0,38235794.0,143518.0,6791079.0,3020450.0,453682.0
152477,2021-04-09,3347512.0,10875.0,76328.0,149.0,38384921.0,149127.0,7159716.0,3072109.0,420296.0
152478,2021-04-10,3347512.0,0.0,76328.0,0.0,38477786.0,92865.0,,,
152479,2021-04-11,3347512.0,0.0,76328.0,0.0,38537056.0,59270.0,,,
152480,2021-04-12,3370256.0,22744.0,76525.0,197.0,38674744.0,137688.0,7676560.0,3108437.0,
152481,2021-04-13,3376548.0,6292.0,76625.0,100.0,38834011.0,159267.0,7937566.0,3136091.0,288660.0
152482,2021-04-14,3387022.0,10474.0,76756.0,131.0,38992880.0,158869.0,8250887.0,3185186.0,362416.0
152483,2021-04-15,3396685.0,9663.0,76882.0,126.0,39132416.0,139536.0,8631548.0,3253537.0,449012.0
152484,2021-04-16,3407283.0,10598.0,76981.0,99.0,39278922.0,146506.0,9002054.0,3328701.0,445670.0
152485,2021-04-17,3407283.0,0.0,76981.0,0.0,39367396.0,88474.0,,,
152486,2021-04-18,3407283.0,0.0,76981.0,0.0,39427022.0,59626.0,,,
152487,2021-04-19,3428354.0,21071.0,77102.0,121.0,39574962.0,147940.0,9441685.0,3411914.0,
152488,2021-04-20,3428354.0,0.0,77102.0,0.0,39734310.0,159348.0,9588913.0,3452119.0,187433.0
152489,2021-04-21,3446072.0,17718.0,77364.0,262.0,39883442.0,149132.0,9886203.0,3611606.0,456777.0
152490,2021-04-22,3456886.0,10814.0,77496.0,132.0,40028524.0,145082.0,10141949.0,3768015.0,412155.0
152491,2021-04-23,3468617.0,11731.0,77591.0,95.0,40170114.0,141590.0,10405863.0,3862789.0,356287.0
152492,2021-04-24,3468617.0,0.0,77591.0,0.0,40262989.0,92875.0,,,
152493,2021-04-25,3468617.0,0.0,77591.0,0.0,40323792.0,60803.0,10796466.0,3947465.0,
152494,2021-04-26,3488469.0,19852.0,77738.0,147.0,40474154.0,150362.0,11013911.0,4020945.0,278736.0
152495,2021-04-27,3496134.0,7665.0,77855.0,117.0,40637385.0,163231.0,11261171.0,4166758.0,383195.0
152496,2021-04-28,3504799.0,8665.0,77943.0,88.0,40787324.0,149939.0,11520146.0,4413784.0,481910.0
152497,2021-04-29,3514942.0,10143.0,78080.0,137.0,40930384.0,143060.0,11763360.0,4689766.0,504823.0
152498,2021-04-30,3524077.0,9135.0,78216.0,136.0,41082341.0,151957.0,,,
152499,2021-05-01,3524077.0,0.0,78216.0,0.0,41161472.0,79131.0,,,
152500,2021-05-02,3524077.0,0.0,78216.0,0.0,41219677.0,58205.0,12196079.0,5113598.0,
152501,2021-05-03,3540430.0,16353.0,78293.0,77.0,41346289.0,126612.0,12381213.0,5202297.0,252244.0
152502,2021-05-04,3544945.0,4515.0,78399.0,106.0,41496304.0,150015.0,12686341.0,5394315.0,485756.0
152503,2021-05-05,3551262.0,6317.0,78566.0,167.0,41640994.0,144690.0,12966552.0,5696827.0,573014.0
152504,2021-05-06,3559222.0,7960.0,78726.0,160.0,41775310.0,134316.0,13271511.0,5956451.0,558552.0
152505,2021-05-07,3567408.0,8186.0,78792.0,66.0,41915769.0,140459.0,,,
152506,2021-05-08,3567408.0,0.0,78792.0,0.0,41999230.0,83461.0,,,
152507,2021-05-09,3567408.0,0.0,78792.0,0.0,42058050.0,58820.0,13797431.0,6221476.0,
152508,2021-05-10,3581392.0,13984.0,78895.0,103.0,42190890.0,132840.0,14028954.0,6327447.0,332037.0
152509,2021-05-11,3586333.0,4941.0,79100.0,205.0,42331295.0,140405.0,14318348.0,6502978.0,461154.0
152510,2021-05-12,3592751.0,6418.0,79208.0,108.0,42463145.0,131850.0,14555552.0,6716156.0,448125.0
152511,2021-05-13,3598452.0,5701.0,79281.0,73.0,42585875.0,122730.0,14911306.0,6976683.0,611767.0
152512,2021-05-14,3604799.0,6347.0,79339.0,58.0,42717467.0,131592.0,,,
152513,2021-05-15,3604799.0,0.0,79339.0,0.0,42798356.0,80889.0,,,
152514,2021-05-16,3604799.0,0.0,79339.0,0.0,42854023.0,55667.0,15320846.0,7213716.0,
152515,2021-05-17,3615860.0,11061.0,79432.0,93.0,42982344.0,128321.0,15495889.0,7323426.0,274255.0
152516,2021-05-18,3619848.0,3988.0,79502.0,70.0,43119613.0,137269.0,15741247.0,7469173.0,386612.0
152517,2021-05-19,3625928.0,6080.0,79568.0,66.0,43244920.0,125307.0,16049843.0,7697288.0,529130.0
152518,2021-05-20,3631661.0,5733.0,79601.0,33.0,43360130.0,115210.0,16347683.0,7865313.0,459280.0
152519,2021-05-21,3636453.0,4792.0,79620.0,19.0,43482509.0,122379.0,,,
152520,2021-05-22,3636453.0,0.0,79620.0,0.0,43555213.0,72704.0,,,
152521,2021-05-23,3636453.0,0.0,79620.0,0.0,43608254.0,53041.0,16709939.0,8130648.0,
152522,2021-05-24,3647520.0,11067.0,79711.0,91.0,43722059.0,113805.0,16953205.0,8250814.0,342246.0
152523,2021-05-25,3652879.0,5359.0,79801.0,90.0,43853656.0,131597.0,17187731.0,8434233.0,404562.0
152524,2021-05-26,3657886.0,5007.0,79855.0,54.0,43974637.0,120981.0,17487591.0,8614678.0,464314.0
152525,2021-05-27,3663176.0,5290.0,79888.0,33.0,44088513.0,113876.0,17707320.0,8804363.0,388511.0
152526,2021-05-28,3668658.0,5482.0,79905.0,17.0,44208059.0,119546.0,,,
152527,2021-05-29,3668658.0,0.0,79905.0,0.0,44281545.0,73486.0,,,
152528,2021-05-30,3668658.0,0.0,79905.0,0.0,44331747.0,50202.0,18032417.0,9221285.0,
152529,2021-05-31,3678390.0,9732.0,79953.0,48.0,44454509.0,122762.0,18178604.0,9405245.0,292096.0
152530,2021-06-01,3682778.0,4388.0,79983.0,30.0,44579407.0,124898.0,18426204.0,9679187.0,487514.0
152531,2021-06-02,3687762.0,4984.0,80049.0,66.0,44697294.0,117887.0,18720164.0,9979204.0,575098.0
152532,2021-06-03,3693012.0,5250.0,80049.0,0.0,44801898.0,104604.0,19038135.0,10257209.0,570225.0
152533,2021-06-04,3697981.0,4969.0,80195.0,146.0,44917698.0,115800.0,,,
152534,2021-06-05,3697981.0,0.0,80196.0,1.0,44989892.0,72194.0,,,
152535,2021-06-06,3697981.0,0.0,80196.0,0.0,45038668.0,48776.0,19786574.0,11002869.0,
152536,2021-06-07,3707523.0,9542.0,80236.0,40.0,45154120.0,115452.0,20048174.0,11260175.0,465056.0
152537,2021-06-08,3711027.0,3504.0,80309.0,73.0,45271442.0,117322.0,20305788.0,11552393.0,531198.0
152538,2021-06-09,3715454.0,4427.0,80332.0,23.0,45378537.0,107095.0,20628061.0,11893951.0,624261.0
152539,2021-06-10,3729458.0,14004.0,80465.0,133.0,45479564.0,101027.0,20963619.0,12250002.0,654232.0
152540,2021-06-11,3733600.0,4142.0,80501.0,36.0,45585328.0,105764.0,,,
152541,2021-06-12,3733600.0,0.0,80501.0,0.0,45652947.0,67619.0,,,
152542,2021-06-13,3733600.0,0.0,80501.0,0.0,45700363.0,47416.0,21474788.0,12813055.0,
152543,2021-06-14,3741767.0,8167.0,80517.0,16.0,45812485.0,112122.0,21713840.0,13007371.0,389822.0
152544,2021-06-15,3745199.0,3432.0,80579.0,62.0,45928460.0,115975.0,22048919.0,13301010.0,591933.0
152545,2021-06-16,3749031.0,3832.0,80615.0,36.0,46032220.0,103760.0,22365104.0,13641091.0,620823.0
152546,2021-06-17,3753228.0,4197.0,80634.0,19.0,46127072.0,94852.0,22684911.0,13939564.0,566794.0
152547,2021-06-18,3757442.0,4214.0,80652.0,18.0,46228605.0,101533.0,,,
152548,2021-06-19,3757442.0,0.0,80652.0,0.0,46294982.0,66377.0,,,
152549,2021-06-20,3757442.0,0.0,80652.0,0.0,46340668.0,45686.0,23200566.0,14431683.0,
152550,2021-06-21,3764651.0,7209.0,80689.0,37.0,46449324.0,108656.0,23443444.0,14745736.0,522341.0
152551,2021-06-22,3768691.0,4040.0,80719.0,30.0,46557006.0,107682.0,23772029.0,15138439.0,680540.0
152552,2021-06-23,3773032.0,4341.0,80748.0,29.0,46661374.0,104368.0,24079429.0,15602526.0,733245.0
152553,2021-06-24,3777539.0,4507.0,80766.0,18.0,46742199.0,80825.0,24325902.0,15894800.0,514619.0
152554,2021-06-25,3782463.0,4924.0,80779.0,13.0,46852561.0,110362.0,,,
152555,2021-06-26,3782463.0,0.0,80779.0,0.0,46926820.0,74259.0,,,
152556,2021-06-27,3782463.0,0.0,80779.0,0.0,46978861.0,52041.0,24792784.0,16609913.0,
152557,2021-06-28,3792642.0,10179.0,80789.0,10.0,47102639.0,123778.0,25007416.0,17088342.0,650834.0
152558,2021-06-29,3799733.0,7091.0,80829.0,40.0,47238710.0,136071.0,25320606.0,17519587.0,714957.0
152559,2021-06-30,3808960.0,9227.0,80875.0,46.0,47378938.0,140228.0,25627278.0,17990526.0,747589.0
152560,2021-07-01,3821305.0,12345.0,80883.0,8.0,47518054.0,139116.0,25948237.0,18466362.0,765399.0
152561,2021-07-02,3833868.0,12563.0,80911.0,28.0,47672663.0,154609.0,,,
152562,2021-07-03,3833868.0,0.0,80911.0,0.0,47778166.0,105503.0,,,
152563,2021-07-04,3833868.0,0.0,80911.0,0.0,47849411.0,71245.0,26505676.0,19135448.0,
152564,2021-07-05,3866475.0,32607.0,80934.0,23.0,48002587.0,153176.0,26727529.0,19530228.0,584703.0
152565,2021-07-06,3880612.0,14137.0,80952.0,18.0,48173801.0,171214.0,26996373.0,19982080.0,689411.0
152566,2021-07-07,3897996.0,17384.0,80969.0,17.0,48349374.0,175573.0,27277127.0,20528505.0,690749.0
152567,2021-07-08,3915313.0,17317.0,80997.0,28.0,48525667.0,176293.0,27534723.0,20999346.0,688005.0
152568,2021-07-09,3937192.0,21879.0,81003.0,6.0,48723606.0,197939.0,,,
152569,2021-07-10,3937192.0,0.0,81003.0,0.0,48848481.0,124875.0,,,
152570,2021-07-11,3937192.0,0.0,81003.0,0.0,48940267.0,91786.0,27994332.0,21789996.0,
152571,2021-07-12,3971124.0,33932.0,81020.0,17.0,49124066.0,183799.0,28216249.0,22139864.0,538114.0
152572,2021-07-13,4015084.0,43960.0,81033.0,13.0,49330817.0,206751.0,28475900.0,22511734.0,596030.0
152573,2021-07-14,4041474.0,26390.0,81043.0,10.0,49541232.0,210415.0,28759879.0,22949155.0,673737.0
152574,2021-07-15,4069162.0,27688.0,81084.0,41.0,49754758.0,213526.0,29033376.0,23372796.0,653851.0
152575,2021-07-16,4100222.0,31060.0,81096.0,12.0,49971772.0,217014.0,,,
152576,2021-07-17,4100222.0,0.0,81096.0,0.0,50107573.0,135801.0,,,
152577,2021-07-18,4100222.0,0.0,81096.0,0.0,50199842.0,92269.0,29484796.0,24041017.0,
152578,2021-07-19,4161850.0,61628.0,81119.0,23.0,50402866.0,203024.0,29697691.0,24344008.0,480033.0
152579,2021-07-20,4189136.0,27286.0,81148.0,29.0,50622743.0,219877.0,29956479.0,24700450.0,583022.0
152580,2021-07-21,4219723.0,30587.0,81166.0,18.0,50840895.0,218152.0,30217311.0,25060958.0,586223.0
152581,2021-07-22,4249258.0,29535.0,81194.0,28.0,51056579.0,215684.0,30500003.0,25398978.0,569988.0
152582,2021-07-23,4280429.0,31171.0,81221.0,27.0,51279543.0,222964.0,,,
152583,2021-07-24,4280429.0,0.0,81221.0,0.0,51421348.0,141805.0,,,
152584,2021-07-25,4280429.0,0.0,81221.0,0.0,51511049.0,89701.0,30827932.0,25944318.0,
152585,2021-07-26,4342054.0,61625.0,81268.0,47.0,51704688.0,193639.0,30996228.0,26151164.0,358252.0
152586,2021-07-27,4368453.0,26399.0,81323.0,55.0,51920729.0,216041.0,31315140.0,26420097.0,567775.0
152587,2021-07-28,4395602.0,27149.0,81396.0,73.0,52134779.0,214050.0,31592444.0,26694887.0,527790.0
152588,2021-07-29,4422291.0,26689.0,81442.0,46.0,52345342.0,210563.0,31851618.0,26933847.0,473459.0
152589,2021-07-30,4447044.0,24753.0,81486.0,44.0,52566578.0,221236.0,,,
152590,2021-07-31,4447044.0,0.0,81486.0,0.0,52703649.0,137071.0,,,
152591,2021-08-01,4447044.0,0.0,81486.0,0.0,52788405.0,84756.0,32169472.0,27262062.0,
152592,2021-08-02,4502983.0,55939.0,81643.0,157.0,52966792.0,178387.0,32352818.0,27437503.0,345885.0
152593,2021-08-03,4523310.0,20327.0,81773.0,130.0,53159921.0,193129.0,32650750.0,27811786.0,511277.0
152594,2021-08-04,4545184.0,21874.0,81844.0,71.0,53349128.0,189207.0,32892680.0,28034427.0,449410.0
152595,2021-08-05,4566571.0,21387.0,81931.0,87.0,53525135.0,176007.0,33141450.0,28255949.0,440054.0
152596,2021-08-06,4588132.0,21561.0,82006.0,75.0,53703359.0,178224.0,,,
152597,2021-08-07,4588132.0,0.0,82006.0,0.0,53813679.0,110320.0,,,
152598,2021-08-08,4588132.0,0.0,82006.0,0.0,53882352.0,68673.0,33424529.0,28587458.0,
152599,2021-08-09,4627770.0,39638.0,82125.0,119.0,54036222.0,153870.0,33575961.0,28768777.0,320922.0
152600,2021-08-10,4643450.0,15680.0,82227.0,102.0,54206600.0,170378.0,33871458.0,28993301.0,497546.0
152601,2021-08-11,4660473.0,17023.0,82320.0,93.0,54367748.0,161148.0,34196761.0,29221276.0,522627.0
152602,2021-08-12,4677883.0,17410.0,82407.0,87.0,54525827.0,158079.0,34455543.0,29526380.0,470093.0
152603,2021-08-13,4693540.0,15657.0,82470.0,63.0,54679558.0,153731.0,,,
152604,2021-08-14,4693540.0,0.0,82470.0,0.0,54775542.0,95984.0,,,
152605,2021-08-15,4693540.0,0.0,82470.0,0.0,54839862.0,64320.0,34716227.0,29794008.0,
152606,2021-08-16,4719266.0,25726.0,82595.0,125.0,54963058.0,123196.0,34867478.0,29968303.0,304868.0
152607,2021-08-17,4733602.0,14336.0,82739.0,144.0,55111097.0,148039.0,35072910.0,30261332.0,469973.0
152608,2021-08-18,4745558.0,11956.0,82883.0,144.0,55261625.0,150528.0,35269276.0,30565129.0,472369.0
152609,2021-08-19,4758003.0,12445.0,83004.0,121.0,55403939.0,142314.0,35442173.0,31096470.0,425428.0
152610,2021-08-20,4770453.0,12450.0,83136.0,132.0,55543611.0,139672.0,,,
152611,2021-08-21,4770453.0,0.0,83136.0,0.0,55628501.0,84890.0,,,
152612,2021-08-22,4770453.0,0.0,83136.0,0.0,55684117.0,55616.0,35667383.0,31447188.0,
152613,2021-08-23,4794352.0,23899.0,83337.0,201.0,55819156.0,135039.0,35831729.0,31653643.0,347417.0
152614,2021-08-24,4804424.0,10072.0,83527.0,190.0,55956515.0,137359.0,35950365.0,31930874.0,374568.0
152615,2021-08-25,4815205.0,10781.0,83690.0,163.0,56094005.0,137490.0,36111205.0,32239782.0,401531.0
152616,2021-08-26,4822320.0,7115.0,83861.0,171.0,56219400.0,125395.0,36237517.0,32459380.0,321489.0
152617,2021-08-27,4831809.0,9489.0,84000.0,139.0,56344574.0,125174.0,,,
152618,2021-08-28,4831809.0,0.0,84000.0,0.0,56420670.0,76096.0,,,
152619,2021-08-29,4831809.0,0.0,84000.0,0.0,56474494.0,53824.0,36346563.0,32811664.0,
152620,2021-08-30,4847298.0,15489.0,84146.0,146.0,56604017.0,129523.0,36431416.0,32996436.0,228122.0
152621,2021-08-31,4855065.0,7767.0,84340.0,194.0,56740004.0,135987.0,36533328.0,33376693.0,457207.0
152622,2021-09-01,4861883.0,6818.0,84472.0,132.0,56870627.0,130623.0,36613696.0,33657941.0,334510.0
152623,2021-09-02,4871444.0,9561.0,84640.0,168.0,56984899.0,114272.0,36696877.0,33940053.0,323587.0
152624,2021-09-03,4877755.0,6311.0,84795.0,155.0,57095710.0,110811.0,,,
152625,2021-09-04,4877755.0,0.0,84795.0,0.0,57164637.0,68927.0,,,
152626,2021-09-05,4877755.0,0.0,84795.0,0.0,57211510.0,46873.0,36820586.0,34270593.0,
152627,2021-09-06,4887112.0,9357.0,84928.0,133.0,57321423.0,109913.0,36889887.0,34418544.0,194815.0
152628,2021-09-07,4892640.0,5528.0,85066.0,138.0,57436554.0,115131.0,37008271.0,34739745.0,412974.0
152629,2021-09-08,4898258.0,5618.0,85147.0,81.0,57540587.0,104033.0,37067635.0,34903802.0,203943.0
152630,2021-09-09,4903021.0,4763.0,85218.0,71.0,57640971.0,100384.0,37126744.0,35070311.0,203255.0
152631,2021-09-10,4907461.0,4440.0,85290.0,72.0,57740549.0,99578.0,,,
152632,2021-09-11,4907461.0,0.0,85290.0,0.0,57802935.0,62386.0,,,
152633,2021-09-12,4907461.0,0.0,85290.0,0.0,57847925.0,44990.0,37216507.0,35300384.0,
152634,2021-09-13,4915265.0,7804.0,85393.0,103.0,57957819.0,109894.0,37243220.0,35413078.0,132898.0
152635,2021-09-14,4918526.0,3261.0,85548.0,155.0,58070814.0,112995.0,37303202.0,35571661.0,200992.0
152636,2021-09-15,4922249.0,3723.0,85638.0,90.0,58181959.0,111145.0,37341455.0,35688441.0,134618.0
152637,2021-09-16,4926324.0,4075.0,85739.0,101.0,58279983.0,98024.0,37385758.0,35784743.0,139473.0
152638,2021-09-17,4929546.0,3222.0,85783.0,44.0,58384245.0,104262.0,,,
152639,2021-09-18,4929546.0,0.0,85783.0,0.0,58444545.0,60300.0,,,
152640,2021-09-19,4929546.0,0.0,85783.0,0.0,58490447.0,45902.0,37472155.0,36086354.0,
152641,2021-09-20,4935534.0,5988.0,85901.0,118.0,58605559.0,115112.0,,,
152642,2021-09-21,4937984.0,2450.0,85983.0,82.0,58723226.0,117667.0,37508658.0,36184677.0,
152643,2021-09-22,4940824.0,2840.0,86085.0,102.0,58836870.0,113644.0,37538323.0,36259105.0,93158.0
152644,2021-09-23,4943855.0,3031.0,86185.0,100.0,58939953.0,103083.0,37571186.0,36335711.0,98601.0
152645,2021-09-24,4946601.0,2746.0,86229.0,44.0,59040580.0,100627.0,,,
152646,2021-09-25,4946601.0,0.0,86229.0,0.0,59103602.0,63022.0,,,
152647,2021-09-26,4946601.0,0.0,86229.0,0.0,59151956.0,48354.0,37612369.0,36447564.0,
152648,2021-09-27,4951640.0,5039.0,86298.0,69.0,59274173.0,122217.0,37632058.0,36501799.0,69223.0
152649,2021-09-28,4953930.0,2290.0,86358.0,60.0,59397227.0,123054.0,37657732.0,36566753.0,85345.0
152650,2021-09-29,4956691.0,2761.0,86397.0,39.0,59515052.0,117825.0,37680085.0,36613575.0,61721.0
152651,2021-09-30,4959091.0,2400.0,86415.0,18.0,59617280.0,102228.0,37702384.0,36667138.0,69686.0
152652,2021-10-01,4961128.0,2037.0,86463.0,48.0,59717139.0,99859.0,,,
152653,2021-10-02,4961128.0,0.0,86463.0,0.0,59776966.0,59827.0,,,
152654,2021-10-03,4961128.0,0.0,86463.0,0.0,59821272.0,44306.0,37727757.0,36745965.0,
152655,2021-10-04,4965399.0,4271.0,86527.0,64.0,59932083.0,110811.0,37741414.0,36771680.0,35906.0
152656,2021-10-05,4967200.0,1801.0,86621.0,94.0,60041836.0,109753.0,37755682.0,36802767.0,307868.0
152657,2021-10-06,4969503.0,2303.0,86678.0,57.0,60147603.0,105767.0,37772454.0,36832362.0,59103.0
152658,2021-10-07,4971310.0,1807.0,86701.0,23.0,60236640.0,89037.0,37788299.0,36867685.0,53607.0
152659,2021-10-08,4973619.0,2309.0,86778.0,77.0,60318450.0,81810.0,,,
152660,2021-10-09,4973619.0,0.0,86778.0,0.0,60362874.0,44424.0,,,
152661,2021-10-10,4973619.0,0.0,86778.0,0.0,60394761.0,31887.0,37816635.0,36937743.0,
152662,2021-10-11,4977448.0,3829.0,86827.0,49.0,60487687.0,92926.0,,,
152663,2021-10-12,4977448.0,0.0,86827.0,0.0,60537038.0,49351.0,37830132.0,36961165.0,
152664,2021-10-13,4980206.0,2758.0,86869.0,42.0,60647033.0,109995.0,37846897.0,36994918.0,60050.0
152665,2021-10-14,4982138.0,1932.0,86917.0,48.0,60746364.0,99331.0,37868453.0,37029165.0,62444.0
152666,2021-10-15,4984386.0,2248.0,86974.0,57.0,60840922.0,94558.0,,,
152667,2021-10-16,4984386.0,0.0,86974.0,0.0,60894909.0,53987.0,,,
152668,2021-10-17,4984386.0,0.0,86974.0,0.0,60933480.0,38571.0,37891519.0,37074146.0,
152669,2021-10-18,4988878.0,4492.0,87030.0,56.0,61038139.0,104659.0,37899559.0,37086628.0,23684.0
152670,2021-10-19,4990767.0,1889.0,87051.0,21.0,61143940.0,105801.0,37908612.0,37102507.0,29997.0
152671,2021-10-20,4993295.0,2528.0,87082.0,31.0,61242244.0,98304.0,37938819.0,37176352.0,129546.0
152672,2021-10-21,4995176.0,1881.0,87102.0,20.0,61329869.0,87625.0,37954027.0,37199581.0,43810.0
152673,2021-10-22,4997732.0,2556.0,87132.0,30.0,61419411.0,89542.0,,,
152674,2021-10-23,4997732.0,0.0,87132.0,0.0,61470783.0,51372.0,,,
152675,2021-10-24,4997732.0,0.0,87132.0,0.0,61508696.0,37913.0,37979234.0,37234272.0,
152676,2021-10-25,5002217.0,4485.0,87186.0,54.0,61610324.0,101628.0,37988609.0,37250048.0,22084.0
152677,2021-10-26,5004143.0,1926.0,87238.0,52.0,61715114.0,104790.0,37998740.0,37263047.0,27040.0
152678,2021-10-27,5006675.0,2532.0,87289.0,51.0,61816043.0,100929.0,38013994.0,37282484.0,385865.0
152679,2021-10-28,5008887.0,2212.0,87322.0,33.0,61902998.0,86955.0,38036436.0,37315511.0,164294.0
152680,2021-10-29,5011148.0,2261.0,87368.0,46.0,61984952.0,81954.0,,,
152681,2021-10-30,5011148.0,0.0,87368.0,0.0,62033126.0,48174.0,38037531.0,37317388.0,
152682,2021-10-31,5011148.0,0.0,87368.0,0.0,62072377.0,39251.0,,,
152683,2021-11-01,5011148.0,0.0,87368.0,0.0,62115167.0,42790.0,,,
152684,2021-11-02,5016968.0,5820.0,87423.0,55.0,62219971.0,104804.0,38059705.0,37347287.0,
152685,2021-11-03,5019255.0,2287.0,87462.0,39.0,62326871.0,106900.0,38071080.0,37360864.0,177549.0
152686,2021-11-04,5022546.0,3291.0,87477.0,15.0,62421964.0,95093.0,38083061.0,37375642.0,183842.0
152687,2021-11-05,5025639.0,3093.0,87504.0,27.0,62516174.0,94210.0,,,
152688,2021-11-06,5025639.0,0.0,87504.0,0.0,62571423.0,55249.0,,,
152689,2021-11-07,5025639.0,0.0,87504.0,0.0,62611670.0,40247.0,38100169.0,37398246.0,
152690,2021-11-08,5032056.0,6417.0,87558.0,54.0,62717795.0,106125.0,,,
152691,2021-11-09,5032056.0,0.0,87558.0,0.0,62827562.0,109767.0,38117778.0,37417377.0,
152692,2021-11-10,5038517.0,6461.0,87617.0,59.0,62941821.0,114259.0,38130715.0,37431385.0,197775.0
152693,2021-11-11,5042803.0,4286.0,87647.0,30.0,63045665.0,103844.0,38144625.0,37448743.0,276066.0
152694,2021-11-12,5047156.0,4353.0,87673.0,26.0,63150424.0,104759.0,,,
152695,2021-11-13,5047156.0,0.0,87673.0,0.0,63212771.0,62347.0,,,
152696,2021-11-14,5047156.0,0.0,87673.0,0.0,63259841.0,47070.0,38164244.0,37474324.0,
152697,2021-11-15,5056954.0,9798.0,87716.0,43.0,63381066.0,121225.0,38171026.0,37480526.0,147541.0
152698,2021-11-16,5061045.0,4091.0,87745.0,29.0,63512562.0,131496.0,38177685.0,37487833.0,134044.0
152699,2021-11-17,5067712.0,6667.0,87775.0,30.0,63640829.0,128267.0,38197655.0,37507587.0,333776.0
152700,2021-11-18,5074027.0,6315.0,87804.0,29.0,63763219.0,122390.0,38209702.0,37519860.0,181771.0
152701,2021-11-19,5080663.0,6636.0,87810.0,6.0,63891628.0,128409.0,,,
152702,2021-11-20,5080663.0,0.0,87810.0,0.0,63966510.0,74882.0,,,
152703,2021-11-21,5080663.0,0.0,87810.0,0.0,64020275.0,53765.0,38237469.0,37547526.0,
152704,2021-11-22,5096538.0,15875.0,87832.0,22.0,64162189.0,141914.0,38249913.0,37557243.0,185151.0
152705,2021-11-23,5103315.0,6777.0,87866.0,34.0,64314237.0,152048.0,38263801.0,37567042.0,203437.0
152706,2021-11-24,5111842.0,8527.0,87904.0,38.0,64466827.0,152590.0,38281333.0,37578516.0,196079.0
152707,2021-11-25,5121100.0,9258.0,87931.0,27.0,64610990.0,144163.0,38288327.0,37582174.0,453367.0
152708,2021-11-26,5131012.0,9912.0,87955.0,24.0,64760761.0,149771.0,,,
152709,2021-11-27,5131012.0,0.0,87955.0,0.0,64848176.0,87415.0,,,
152710,2021-11-28,5131012.0,0.0,87955.0,0.0,64910513.0,62337.0,38299758.0,37586582.0,
152711,2021-11-29,5153923.0,22911.0,88008.0,53.0,65068141.0,157628.0,38339403.0,37615143.0,362021.0
152712,2021-11-30,5164184.0,10261.0,88052.0,44.0,65248107.0,179966.0,38356928.0,37624032.0,194570.0
152713,2021-12-01,5174720.0,10536.0,88080.0,28.0,65433370.0,185263.0,38379778.0,37638438.0,219420.0
152714,2021-12-02,5189220.0,14500.0,88122.0,42.0,65623283.0,189913.0,38409145.0,37655150.0,257786.0
152715,2021-12-03,5202958.0,13738.0,88159.0,37.0,65814010.0,190727.0,,,
152716,2021-12-04,5202958.0,0.0,88159.0,0.0,65924577.0,110567.0,,,
152717,2021-12-05,5202958.0,0.0,88159.0,0.0,66001007.0,76430.0,,,
152718,2021-12-06,5202958.0,0.0,88159.0,0.0,66079679.0,78672.0,38447301.0,37677168.0,
152719,2021-12-07,5246766.0,43808.0,88237.0,78.0,66253446.0,173767.0,,,
152720,2021-12-08,5246766.0,0.0,88237.0,0.0,66363625.0,110179.0,38465787.0,37684831.0,
152721,2021-12-09,5273178.0,26412.0,88321.0,84.0,66568340.0,204715.0,38488342.0,37702839.0,174209.0
152722,2021-12-10,5290273.0,17095.0,88380.0,59.0,66790722.0,222382.0,,,
152723,2021-12-11,5290190.0,,88381.0,1.0,66929157.0,138435.0,,,
152724,2021-12-12,5290190.0,0.0,88381.0,0.0,67034287.0,105130.0,38514698.0,37721347.0,
152725,2021-12-13,5339992.0,49802.0,88484.0,103.0,67257397.0,223110.0,38541413.0,37742102.0,457751.0
152726,2021-12-14,5366128.0,26136.0,88542.0,58.0,67514612.0,257215.0,38567949.0,37755238.0,590416.0
152727,2021-12-15,5393268.0,27140.0,88619.0,77.0,67789274.0,274662.0,38586398.0,37767016.0,372070.0
152728,2021-12-16,5422168.0,28900.0,88667.0,48.0,68072659.0,283385.0,38607797.0,37777929.0,451223.0
152729,2021-12-17,5455527.0,33359.0,88708.0,41.0,68387536.0,314877.0,,,
152730,2021-12-18,5455527.0,0.0,88708.0,0.0,68584871.0,197335.0,,,
152731,2021-12-19,5455527.0,0.0,88708.0,0.0,68732111.0,147240.0,39010695.0,37791863.0,
152732,2021-12-20,5535231.0,79704.0,88793.0,85.0,69065701.0,333590.0,39100658.0,37799170.0,
152733,2021-12-21,5585054.0,49823.0,88887.0,94.0,69476074.0,410373.0,39270983.0,37815104.0,
152734,2021-12-22,5645095.0,60041.0,88937.0,50.0,69930822.0,454748.0,39405157.0,37832328.0,
152735,2021-12-23,5718007.0,72912.0,89019.0,82.0,70435311.0,504489.0,,,
152736,2021-12-24,5718007.0,0.0,89019.0,0.0,70814898.0,379587.0,,,
152737,2021-12-25,5718007.0,0.0,89019.0,0.0,71012015.0,197117.0,,,
152738,2021-12-26,5718007.0,0.0,89019.0,0.0,71218316.0,206301.0,39511819.0,37853370.0,
152739,2021-12-27,5932626.0,214619.0,89139.0,120.0,71632282.0,413966.0,39567127.0,37858971.0,
152740,2021-12-28,6032297.0,99671.0,89253.0,114.0,72105133.0,472851.0,39619870.0,37865247.0,
152741,2021-12-29,6133057.0,100760.0,89331.0,78.0,72592726.0,487593.0,39664717.0,37869504.0,
152742,2021-12-30,6294745.0,161688.0,89405.0,74.0,73063660.0,470934.0,,,
152743,2021-12-31,6294745.0,0.0,89405.0,0.0,73402073.0,338413.0,,,
152744,2022-01-01,6294745.0,0.0,89405.0,0.0,73567690.0,165617.0,,,
152745,2022-01-02,6294745.0,0.0,89405.0,0.0,73761515.0,193825.0,39807263.0,38016879.0,
152746,2022-01-03,6667511.0,372766.0,89573.0,168.0,74152323.0,390808.0,39859995.0,38028178.0,256290.0
152747,2022-01-04,6785286.0,117775.0,89689.0,116.0,74583828.0,431505.0,39931922.0,38041112.0,284480.0
152748,2022-01-05,6922466.0,137180.0,89837.0,148.0,75000626.0,416798.0,,,
152749,2022-01-06,6922466.0,0.0,89837.0,0.0,75185161.0,184535.0,39965876.0,38052240.0,
152750,2022-01-07,7164906.0,242440.0,89934.0,97.0,75550168.0,365007.0,,,
152751,2022-01-08,7164906.0,0.0,89934.0,0.0,75767429.0,217261.0,,,
152752,2022-01-09,7164906.0,0.0,89934.0,0.0,75952618.0,185189.0,40082392.0,38079025.0,
152753,2022-01-10,7457300.0,292394.0,90136.0,202.0,76352749.0,400131.0,40118975.0,38093934.0,251191.0
152754,2022-01-11,7592242.0,134942.0,90383.0,247.0,76765492.0,412743.0,40181430.0,38108556.0,293716.0
152755,2022-01-12,7771367.0,179125.0,90508.0,125.0,77175236.0,409744.0,40240794.0,38125469.0,301713.0
152756,2022-01-13,7930528.0,159161.0,90620.0,112.0,77570604.0,395368.0,40317861.0,38144506.0,332399.0
152757,2022-01-14,8093036.0,162508.0,90759.0,139.0,77955736.0,385132.0,,,
152758,2022-01-15,8093036.0,0.0,90759.0,0.0,78158037.0,202301.0,,,
152759,2022-01-16,8093036.0,0.0,90759.0,0.0,78303630.0,145593.0,40437079.0,38173059.0,
152760,2022-01-17,8424503.0,331467.0,90993.0,234.0,78682153.0,378523.0,40484286.0,38188108.0,243887.0
152761,2022-01-18,8518975.0,94472.0,91277.0,284.0,79064819.0,382666.0,40532696.0,38201057.0,248149.0
152762,2022-01-19,8676916.0,157941.0,91437.0,160.0,79432254.0,367435.0,40683950.0,38212331.0,355266.0
152763,2022-01-20,8834363.0,157447.0,91599.0,162.0,79765887.0,333633.0,40750121.0,38227400.0,347976.0
152764,2022-01-21,8975458.0,141095.0,91741.0,142.0,80093530.0,327643.0,,,
152765,2022-01-22,8975458.0,0.0,91741.0,0.0,80255629.0,162099.0,,,
152766,2022-01-23,8975458.0,0.0,91741.0,0.0,80378244.0,122615.0,40803369.0,38242161.0,
152767,2022-01-24,9280890.0,305432.0,91994.0,253.0,80712914.0,334670.0,40824542.0,38253646.0,225682.0
152768,2022-01-25,9395767.0,114877.0,92376.0,382.0,81030435.0,317521.0,40848444.0,38264820.0,285076.0
152769,2022-01-26,9529320.0,133553.0,92591.0,215.0,81319202.0,288767.0,40868576.0,38275164.0,238167.0
152770,2022-01-27,9660208.0,130888.0,92767.0,176.0,81584194.0,264992.0,40884275.0,38283540.0,209621.0
152771,2022-01-28,9779130.0,118922.0,92966.0,199.0,81838759.0,254565.0,,,
152772,2022-01-29,9779130.0,0.0,92966.0,0.0,81964681.0,125922.0,,,
152773,2022-01-30,9779130.0,0.0,92966.0,0.0,82056958.0,92277.0,40911451.0,38289398.0,
152774,2022-01-31,9961253.0,182123.0,93225.0,259.0,82314610.0,257652.0,40918884.0,38295449.0,137550.0
152775,2022-02-01,10039126.0,77873.0,93633.0,408.0,82547771.0,233161.0,40927320.0,38305091.0,176208.0
152776,2022-02-02,10125348.0,86222.0,93857.0,224.0,82760196.0,212425.0,40936086.0,38312156.0,143754.0
152777,2022-02-03,10199716.0,74368.0,94040.0,183.0,82951462.0,191266.0,40942994.0,38316906.0,122514.0
152778,2022-02-04,10199716.0,0.0,94040.0,0.0,83140176.0,188714.0,,,
152779,2022-02-05,10199716.0,0.0,94040.0,0.0,83232855.0,92679.0,,,
152780,2022-02-06,10199716.0,0.0,94040.0,0.0,83305222.0,72367.0,40958312.0,38327784.0,
152781,2022-02-07,10395471.0,195755.0,94570.0,530.0,83503189.0,197967.0,40965263.0,38351440.0,158018.0
152782,2022-02-08,10439302.0,43831.0,94931.0,361.0,83683469.0,180280.0,40971209.0,38360610.0,110033.0
152783,2022-02-09,10502141.0,62839.0,95213.0,282.0,83847143.0,163674.0,40978740.0,38366565.0,104693.0
152784,2022-02-10,10555196.0,53055.0,95606.0,393.0,83991846.0,144703.0,40986943.0,38372822.0,95768.0
152785,2022-02-11,10604200.0,49004.0,95995.0,389.0,84128023.0,136177.0,,,
152786,2022-02-12,10604200.0,0.0,95995.0,0.0,84202103.0,74080.0,,,
152787,2022-02-13,10604200.0,0.0,95995.0,0.0,84259481.0,57378.0,41002352.0,38382155.0,
152788,2022-02-14,10672906.0,68706.0,96596.0,601.0,84417693.0,158212.0,41007734.0,38385465.0,47870.0
152789,2022-02-15,10707286.0,34380.0,96906.0,310.0,84564851.0,147158.0,41016935.0,38391658.0,97379.0
152790,2022-02-16,10744394.0,37108.0,97350.0,444.0,84700690.0,135839.0,41024149.0,38802554.0,305601.0
152791,2022-02-17,10778607.0,34213.0,97710.0,360.0,84819506.0,118816.0,,38834215.0,99444.0
152792,2022-02-18,10809222.0,30615.0,97998.0,288.0,84941454.0,121948.0,,,
152793,2022-02-19,10809222.0,0.0,97998.0,0.0,85003510.0,62056.0,,,
152794,2022-02-20,10809222.0,0.0,97998.0,0.0,85052270.0,48760.0,,38854296.0,
152795,2022-02-21,10858000.0,48778.0,98462.0,464.0,85194360.0,142090.0,41027369.0,38856131.0,26224.0
152796,2022-02-22,10880193.0,22193.0,98635.0,173.0,85324702.0,130342.0,41031519.0,38917445.0,100909.0
152797,2022-02-23,10914105.0,33912.0,98936.0,301.0,85445907.0,121205.0,41034001.0,38929905.0,33845.0
152798,2022-02-24,10949997.0,35892.0,99162.0,226.0,85548257.0,102350.0,41059268.0,38973675.0,119510.0
152799,2022-02-25,10977524.0,27527.0,99410.0,248.0,85647706.0,99449.0,,,
152800,2022-02-26,10977524.0,0.0,99410.0,0.0,85700841.0,53135.0,,,
152801,2022-02-27,10977524.0,0.0,99410.0,0.0,85746062.0,45221.0,41069645.0,39022500.0,
152802,2022-02-28,10977524.0,0.0,99410.0,0.0,85859445.0,113383.0,41073324.0,39039472.0,42080.0
152803,2022-03-01,11036085.0,58561.0,99883.0,473.0,85973439.0,113994.0,41076523.0,39062167.0,46518.0
152804,2022-03-02,11054888.0,18803.0,100037.0,154.0,86091076.0,117637.0,41079854.0,39083122.0,47064.0
152805,2022-03-03,11078028.0,23140.0,100239.0,202.0,86196474.0,105398.0,41083791.0,39103590.0,47657.0
152806,2022-03-04,11100428.0,22400.0,100413.0,174.0,86300919.0,104445.0,,,
152807,2022-03-05,11100428.0,0.0,100413.0,0.0,86359395.0,58476.0,,,
152808,2022-03-06,11100428.0,0.0,100413.0,0.0,86406353.0,46958.0,,,
152809,2022-03-07,11136425.0,35997.0,100574.0,161.0,86534294.0,127941.0,,,
152810,2022-03-08,11159574.0,23149.0,100859.0,285.0,86653957.0,119663.0,,,
152811,2022-03-09,11181510.0,21936.0,100992.0,133.0,86768278.0,114321.0,,,
152812,2022-03-10,11204125.0,22615.0,101077.0,85.0,86868051.0,99773.0,41089269.0,39845453.0,
152813,2022-03-11,11223974.0,19849.0,101135.0,58.0,86963807.0,95756.0,,,
152814,2022-03-12,11223974.0,0.0,101135.0,0.0,87017627.0,53820.0,,,
152815,2022-03-13,11223974.0,0.0,101135.0,0.0,87064724.0,47097.0,,,
152816,2022-03-14,11223974.0,0.0,101135.0,0.0,87193258.0,128534.0,,,
152817,2022-03-15,11260040.0,36066.0,101416.0,281.0,87314697.0,121439.0,,,
152818,2022-03-16,11260040.0,0.0,101416.0,0.0,87428489.0,113792.0,41112436.0,39976615.0,
152819,2022-03-17,11260040.0,0.0,101416.0,0.0,87525072.0,96583.0,,,
152820,2022-03-18,11324637.0,64597.0,101703.0,287.0,87617297.0,92225.0,,,
152821,2022-03-19,11324637.0,0.0,101703.0,0.0,87667559.0,50262.0,,,
152822,2022-03-20,11324637.0,0.0,101703.0,0.0,87711555.0,43996.0,,,
152823,2022-03-21,11324637.0,0.0,101703.0,0.0,87837038.0,125483.0,,,
152824,2022-03-22,11378784.0,54147.0,102053.0,350.0,87957612.0,120574.0,,,
152825,2022-03-23,11378784.0,0.0,102053.0,0.0,88068244.0,110632.0,41134037.0,40118474.0,
152826,2022-03-24,11378784.0,0.0,102053.0,0.0,88159054.0,90810.0,,,
152827,2022-03-25,11451676.0,72892.0,102392.0,339.0,88246670.0,87616.0,,,
152828,2022-03-26,11451676.0,0.0,102392.0,0.0,88293635.0,46965.0,,,
152829,2022-03-27,11451676.0,0.0,102392.0,0.0,88331748.0,38113.0,,,
152830,2022-03-28,11451676.0,0.0,102392.0,0.0,88425046.0,93298.0,,,
152831,2022-03-29,11508309.0,56633.0,102218.0,,88506326.0,81280.0,,,
152832,2022-03-30,11508309.0,0.0,102218.0,0.0,88579215.0,72889.0,41153657.0,40240841.0,
152833,2022-03-31,11508309.0,0.0,102218.0,0.0,88639827.0,60612.0,,,
152834,2022-04-01,11551574.0,43265.0,102541.0,323.0,88702087.0,62260.0,,,
152835,2022-04-02,11551574.0,0.0,102541.0,0.0,88737779.0,35692.0,,,
152836,2022-04-03,11551574.0,0.0,102541.0,0.0,88766652.0,28873.0,,,
152837,2022-04-04,11551574.0,0.0,102541.0,0.0,88844951.0,78299.0,,,
152838,2022-04-05,11578653.0,27079.0,102747.0,206.0,88916608.0,71657.0,,,
152839,2022-04-06,11578653.0,0.0,102747.0,0.0,88984308.0,67700.0,41167422.0,40292719.0,
152840,2022-04-07,11578653.0,0.0,102747.0,0.0,89044997.0,60689.0,,,
152841,2022-04-08,11627487.0,48834.0,103104.0,357.0,89103378.0,58381.0,,,
152842,2022-04-09,11627487.0,0.0,103104.0,0.0,89138325.0,34947.0,,,
152843,2022-04-10,11627487.0,0.0,103104.0,0.0,89166607.0,28282.0,,,
152844,2022-04-11,11627487.0,0.0,103104.0,0.0,89236205.0,69598.0,,,
152845,2022-04-12,11627487.0,0.0,103104.0,0.0,89294841.0,58636.0,41180591.0,40349823.0,
152846,2022-04-13,11627487.0,0.0,103104.0,0.0,89343374.0,48533.0,,,
152847,2022-04-14,11627487.0,0.0,103104.0,0.0,89370131.0,26757.0,,,
152848,2022-04-15,11627487.0,0.0,103104.0,0.0,89386253.0,16122.0,,,
152849,2022-04-16,11627487.0,0.0,103104.0,0.0,89403198.0,16945.0,,,
152850,2022-04-17,11627487.0,0.0,103104.0,0.0,,,,,
152851,2022-04-18,11627487.0,0.0,103104.0,0.0,,,,,
